_score,id,title,date_start,date_end,medium_display,artist_title,place_of_origin
6.674395,216044,"End Credits, Part I",2012,2022,"High-definition video sequence of scanned files (projection), with independent audio track",Steve McQueen,
3.0000107,257923,"How to Build Without a Land, Untitled (map)",2012,2021,Black ballpoint pen on paper,Saba Innab,Palestine
3.0000107,277753,Dirt Bull,2024,2024,Etching and aquatint in black ink on pale yellow wove paper,Tony Fitzpatrick,United States
3.0000107,278542,The Statues,2024,2024,Acrylic and spray paint on linen,Mohammed Sami,Iraq
3.0000107,279018,"3300 Block to 4400 Block, Union Pacific Avenue, between South Grande Vista Avenue and South Marianna Avenue, Los Angeles/Commerce, California, December 2020 [1]",2024,2024,Gelatin silver print,Walead Beshty,
3.0000107,279019,"3300 Block to 4400 Block, Union Pacific Avenue, between South Grande Vista Avenue and South Marianna Avenue, Los Angeles/Commerce, California, December 2020 [2]",2024,2024,Gelatin silver print,Walead Beshty,
3.0000107,279020,"3300 Block to 4400 Block, Union Pacific Avenue, between South Grande Vista Avenue and South Marianna Avenue, Los Angeles/Commerce, California, December 2020 [3]",2024,2024,Gelatin silver print,Walead Beshty,
3.0000107,279021,"3300 Block to 4400 Block, Union Pacific Avenue, between South Grande Vista Avenue and South Marianna Avenue, Los Angeles/Commerce, California, December 2020 [4]",2024,2024,Gelatin silver print,Walead Beshty,
3.0000107,279022,"3300 Block to 4400 Block, Union Pacific Avenue, between South Grande Vista Avenue and South Marianna Avenue, Los Angeles/Commerce, California, December 2020 [5]",2024,2024,Gelatin silver print,Walead Beshty,
3.0000107,279023,"3300 Block to 4400 Block, Union Pacific Avenue, between South Grande Vista Avenue and South Marianna Avenue, Los Angeles/Commerce, California, December 2020 [6]",2024,2024,Gelatin silver print,Walead Beshty,
3.0000107,279024,"3300 Block to 4400 Block, Union Pacific Avenue, between South Grande Vista Avenue and South Marianna Avenue, Los Angeles/Commerce, California, December 2020 [7]",2024,2024,Gelatin silver print,Walead Beshty,
3.0000107,279025,"3300 Block to 4400 Block, Union Pacific Avenue, between South Grande Vista Avenue and South Marianna Avenue, Los Angeles/Commerce, California, December 2020 [8]",2024,2024,Gelatin silver print,Walead Beshty,
3.0000107,279026,"3300 Block to 4400 Block, Union Pacific Avenue, between South Grande Vista Avenue and South Marianna Avenue, Los Angeles/Commerce, California, December 2020 [9]",2024,2024,Gelatin silver print,Walead Beshty,
3.0000107,279027,"3300 Block to 4400 Block, Union Pacific Avenue, between South Grande Vista Avenue and South Marianna Avenue, Los Angeles/Commerce, California, December 2020 [10]",2024,2024,Gelatin silver print,Walead Beshty,
3.0000107,279028,"3300 Block to 4400 Block, Union Pacific Avenue, between South Grande Vista Avenue and South Marianna Avenue, Los Angeles/Commerce, California, December 2020 [11]",2024,2024,Gelatin silver print,Walead Beshty,
3.0000107,279029,"3300 Block to 4400 Block, Union Pacific Avenue, between South Grande Vista Avenue and South Marianna Avenue, Los Angeles/Commerce, California, December 2020 [12]",2024,2024,Gelatin silver print,Walead Beshty,
3.0000107,279030,"3300 Block to 4400 Block, Union Pacific Avenue, between South Grande Vista Avenue and South Marianna Avenue, Los Angeles/Commerce, California, December 2020 [13]",2024,2024,Gelatin silver print,Walead Beshty,
3.0000107,279236,SIREN,2023,2023,"Single-channel video, color, sound, with car door, intercom radio, siren, key, and police spotlight; 13 min. 34 sec.",Regina José Galindo,Guatemala
3.0000107,279246,"I hear you, I hear you.",2024,2024,"Single-channel video, color, and audio installation; 15 min. 3 sec.",Nora Turato,Croatia
3.0000107,279719,Blue Smells Like We Been Outside,2025,2025,"Innovation Blue pigment, distemper, casein on wood panel",Amanda Williams,United States
3.0000107,279930,Ceremonial Bowl,2024,2024,Micaceous earthenware,Angie Yazzie,"Pueblo of Taos, New Mexico"
3.0000107,280177,Headrest,2025,2025,Copper and bronze,Nifemi Marcus-Bello,Nigeria
3.0000107,281386,to you my happy girl,2025,2025,Acrylic on canvas (diptych),Jordan Ann Craig,"Pueblo of Pojoaque, New Mexico"
3.0000107,281457,Brick Barrow,2025,2025,Bronze with patina,Tony Tasset,United States
3.0000107,281587,Given,2025,2025,Stone and oak,Sung Jang,South Korea
3.0000107,282023,"Ford House, Revisited",2024,2024,Digital file,New Affiliates Architecture,United States
3.0000107,282024,"Bavinger House, Revisited",2024,2024,Digital file,New Affiliates Architecture,United States
3.0000107,282025,"Shin'en Kan, Revisited",2024,2024,Digital file,New Affiliates Architecture,United States
3.0000107,282264,Summertime Blessings,2025,2025,"Glass seed beads on velveteen, with cotton and yarn",Ramona Morrow,Hayward
3.0000107,282429,cathedral for the mourning warbler,2024,2024,Oil on linen,Suzan Frecon,United States
3.0000107,260096,Epping II,2021,2021,"Wood, painted wood, plastic, glass, stone beads, seashells, chain, polyester and nylon rope, cotton fabric, wire, cotton twine and fabric dye",Igshaan Adams,South Africa
3.0000107,260219,Landscapes of [Re]Construction,2019,2021,"Mixed media collage, paper, reclaimed nails, and thread over reclaimed wood",Emmanuel Pratt,United States
3.0000107,260319,"La Tallera Siqueiros, Cuernavaca, Mexico, Competition Submission",2021,2021,Book,Frida Escobedo,
3.0000107,260320,"La Tallera Siqueiros, Cuernavaca, Mexico, Competition Submission",2021,2021,Book,Frida Escobedo,
3.0000107,260698,Equal,2021,2021,"Graphite powder, pencil, and colored pencil on paper",Tony Lewis,United States
3.0000107,261467,Lynch Law in America,2021,2021,Emergency call box,Cameron Rowland,United States
3.0000107,261507,A Spectrum of Blackness: The Search for Sedimentation in Miami,2021,2021,Inkjet prints on PhotoSatin paper mounted to Dibond panel,Germane Barnes,United States
3.0000107,261508,A Spectrum of Blackness: The Search for Sedimentation in Miami,2021,2021,Inkjet prints on PhotoSatin paper mounted to Dibond panel,Germane Barnes,United States
3.0000107,261509,A Spectrum of Blackness: The Search for Sedimentation in Miami,2021,2021,Inkjet prints on PhotoSatin paper mounted to Dibond panel,Germane Barnes,United States
3.0000107,261510,A Spectrum of Blackness: The Search for Sedimentation in Miami,2021,2021,Inkjet prints on PhotoSatin paper mounted to Dibond panel,Germane Barnes,United States
3.0000107,261511,A Spectrum of Blackness: The Search for Sedimentation in Miami,2021,2021,Inkjet prints on PhotoSatin paper mounted to Dibond panel,Germane Barnes,United States
3.0000107,261512,A Spectrum of Blackness: The Search for Sedimentation in Miami,2021,2021,Inkjet prints on PhotoSatin paper mounted to Dibond panel,Germane Barnes,United States
3.0000107,261513,A Spectrum of Blackness: The Search for Sedimentation in Miami,2021,2021,Inkjet prints on PhotoSatin paper mounted to Dibond panel,Germane Barnes,United States
3.0000107,261514,A Spectrum of Blackness: The Search for Sedimentation in Miami,2021,2021,Inkjet prints on PhotoSatin paper mounted to Dibond panel,Germane Barnes,United States
3.0000107,261515,A Spectrum of Blackness: The Search for Sedimentation in Miami,2021,2021,Inkjet prints on PhotoSatin paper mounted to Dibond panel,Germane Barnes,United States
3.0000107,261516,A Spectrum of Blackness: The Search for Sedimentation in Miami,2021,2021,Inkjet prints on PhotoSatin paper mounted to Dibond panel,Germane Barnes,United States
3.0000107,261517,A Spectrum of Blackness: The Search for Sedimentation in Miami,2021,2021,Inkjet prints on PhotoSatin paper mounted to Dibond panel,Germane Barnes,United States
3.0000107,261518,A Spectrum of Blackness: The Search for Sedimentation in Miami,2021,2021,Inkjet prints on PhotoSatin paper mounted to Dibond panel,Germane Barnes,United States
3.0000107,261683,Equality,2021,2021,Screenprint in black and gray on white wove paper,Judith Bernstein,United States
3.0000107,261684,Untitled,2021,2021,Opaque and translucent watercolor on white wove paper,Stanley Whitney,United States
3.0000107,261748,"Sea Level Change, from the Shoretime Spaceline series",2021,2021,Embroidery on fabric,Karen Reimer,United States
3.0000107,272719,Shawl with Poppy Flowers,2022,2022,"Silk, cotton and silver metal-wrapped thread, brocaded twill weave borders, plain weave center field; silver metal-wrapped thread fringe",Rahul Jain,India
3.0000107,272720,Shawl with Narcissus Flowers,2022,2022,"Silk, cotton and gold thread woven in a brocaded, weft-substituting 1/3 twill weave. Gold pallu with silk brocaded narcissus flowers; gold-colored silk plain weave center, narrow meandering floral border; gold fringe",Rahul Jain,India
3.0000107,272722,"Length of voided velvet with Eight-pointed Star, Lotuses, and Carnations",2021,2021,Silk and silver metal-wrapped thread; voided cut velvet on satin foundation over a cloth of silver background,Rahul Jain,India
3.0000107,272723,Length of cloth of gold with voided velvet Irises,2021,2022,"Silk and gilt-silver wrapped metal thread; voided cut velvet on satin weave foundation, faced with gilt-silver wrapped metal thread bound in twill weave",Rahul Jain,India
3.0000107,272724,Length of cloth of gold with voided velvet Narcissus,2021,2022,"Silk and gilt-silver wrapped metal thread; voided cut velvet on satin weave foundation, faced with gilt-silver wrapped metal thread bound in twill weave",Rahul Jain,India
3.0000107,273055,Palanquin,2023,2023,"Fiberboard, oil stain, acrylic paint, crayon, mahogany ‘rope’ molding, cord",Diane Simpson,United States
3.0000107,273082,Manifesto of Photosynthesism,2022,2022,Digital File,Michael Wang,United States
3.0000107,273250,Kaale Uuts Beaded Purse,2024,2024,"Antique and vintage glass seed beads on brain-tanned moose hide, with Italian leather, smoked brain-tanned deer hide, ermine pelts, brass spikes, vintage brass chains, brass bells, bull elk ivories, and found, antique, doctor's bag frame",Elias Jade Not Afraid,Detroit
3.0000107,273270,Opvnhv Hacogee (Stomp Dance),2024,2024,"Waxed, dyed, 4-ply linen thread, coiled over bundled hemp core; with silver and glass beads",Carol Emarthle Douglas,Lynnwood
3.0000107,273293,Double Circle Corrugated Jar,2024,2024,Micaceous earthenware (blackware),Jared Tso,Nahata Dziil
3.0000107,273358,"Reggio School, Vertical Stacking (Ecosystem of Architectural Traditions)",2022,2022,Digital print on white wove paper,Andres Jaque,Spain
3.0000107,273359,"Reggio School, Water Reclamation and Transspecies Reparation Nodes",2022,2022,Digital print on white wove paper,Andres Jaque,Spain
3.0000107,273360,"Reggio School, From Earth to Air (Section Plan)",2022,2022,Digital print on white wove paper,Andres Jaque,Spain
3.0000107,273361,"Reggio School, Floor Plans",2022,2022,Digital print on white wove paper,Andres Jaque,Spain
3.0000107,273362,"Rambla Climate-House, Earth Reparation as a Relational Architectural Project",2021,2021,Digital print on white wove paper,Andres Jaque,Spain
3.0000107,273524,"""Three Body Problem"" painting from the Tesseract Study 21-B-3",2021,2021,Oil on canvas,Michiko Itatani,Japan
3.0000107,273579,Identity Column III,2024,2024,"Fiber, synthetic hair, and accessories",Germane Barnes,United States
3.0000107,273689,Returning With Something,2022,2022,"Chess-Computer Objects from VEB Funkwerk Erfurt, shoes from Schuhfrabik ""Roter Stern"" Burg, magazine printed VEB-Interduck Leipzig, stainless steel, suitcase fixings, fabric",Sung Tieu,Germany
3.0000107,273705,Explicit Yellow Tape (Cinta amarilla explicita),2021,2021,Color screenprint on ivory wove paper,Beatriz González,Colombia
3.0000107,273706,Diffuse Yellow Tape (Cinta amarilla difusa),2021,2021,Color screenprint on ivory wove paper,Beatriz González,Colombia
3.0000107,273707,Auras on Paper (Auras en papel),2021,2021,Screenprint in black on ivory wove paper,Beatriz González,Colombia
3.0000107,273772,Mysterious Illusion of KAINOSHO,2023,2024,Inkjet print,Yasumasa Morimura,
3.0000107,273970,"A Throne of No Return, A Chair for Us All",2022,2022,"Maple, ash, hickory, paper cord, milk paint",Robell Awake,United States
3.0000107,273971,Conjure Memory - Things Fall Apart,2024,2024,"Maple, ash, hickory, twaf (Ethiopian Orthodox religious candles), found mirror fragments, cut nail, Crown Royal bag, milk paint",Robell Awake,United States
3.0000107,273990,Contemporary Chief Set (Three Miniatures),2024,2024,"Wool; dovetail tapestry weave; extended selvage cord fringe. Warp: hand carded wool and mohair; weft: commercially processed, aniline dyed merino wool, respun by the artist; approximately 14 warps/inch and 112 wefts/inch.",Barbara Teller Ornelas,Two Grey Hills
3.0000107,274084,Study For Helen,2021,2021,Watercolor over graphite on white wove paper,Judy Ledgerwood,United States
3.0000107,274085,Study for Wilhelmina,2021,2021,Watercolor over graphite on white wove paper,Judy Ledgerwood,United States
3.0000107,274086,Study for Wilhelmina #2,2021,2021,Watercolor over graphite on white wove paper,Judy Ledgerwood,United States
3.0000107,274212,Marvelseal Work,2020,2021,"96 elements; sculptures, drawings, and photographs dated 1984 through 2013, packing materials, and Marvelseal",Margaret Honda,United States
3.0000107,274229,Jar with Tumbling Hummingbirds,2021,2021,Earthenware and slip,Rainy Naha,Polacca
3.0000107,274235,Shifting Sand Bowl,2022,2022,Stoneware with silver,Preston Duwyenie,"Pueblo of Santa Clara, New Mexico"
3.0000107,274239,Seed Pot,1959,2023,Earthenware and slip,Diane Lewis,
3.0000107,274240,Seed Pot,2024,2024,Earthenware and slip,Diane Lewis,
3.0000107,274276,Spoon,2022,2022,Amboyna burl,Norm Sartorius,Parkersburg
3.0000107,269274,Sk8-hi Shoes,2022,2022,"Suede, color screen print on canvas, cotton string, and rubber",James P. Johnson ONN-ISS-KWAH,Gilbert
3.0000107,269275,Classic Slip-On Shoe,2022,2022,"Color screen print on canvas, and rubber",James P. Johnson ONN-ISS-KWAH,Gilbert
3.0000107,269284,Double Dip Model 2022-23,2022,2023,Color screen print on polymer and bamboo,James P. Johnson ONN-ISS-KWAH,Gilbert
3.0000107,269320,"Nature's Revenge: NYC 2050, View from Lower East Side",2022,2022,Pen and brush and black ink and wash with white glossy opaque paint over graphite on white wove paper,James N. Wines,United States
3.0000107,269321,Friction Ridge Bench,2023,2023,Bronze,Nifemi Marcus-Bello,Nigeria
3.0000107,269664,"The Brown Sisters, Natick, Massachusetts",2022,2022,Gelatin silver print,Nicholas Nixon,
3.0000107,269668,"Beauty, Strength and Resilience – We Are Still Here",2023,2023,"Buffalo horn inlaid with coral, gold mother of pearl, lapis, shell, and resin",Kevin and Valerie Pourier,Scenic
3.0000107,269848,Cues On Point,2022,2022,"2-channel video, color, sound, 4 min. 21 sec.",Christine Sun Kim,United States
3.0000107,269943,Manifesto of Photosynthesism,2022,2022,Offset lithographs in green ink on gray wove paper,Michael Wang,United States
3.0000107,269968,Showtime,2022,2022,"Mixed media on canvas, wood",Andy Robert,Haiti
3.0000107,269981,Sharifa,2022,2022,Bronze,Simone Leigh,United States
3.0000107,270327,Clout Chasin',2023,2023,Cotton; woven on a Jacquard power loom; hand applied glass beads,Qualeasha Wood,United States
3.0000107,270337,NA.0001,2022,2022,Graphite and pastel on cream wove paper,Patrick Dean Hubbell,Navajo
3.0000107,270338,C. 0005,2022,2022,Red and orange pastel over black felt-tip pen on cream wove paper,Patrick Dean Hubbell,Navajo
3.0000107,270339,NA. 0004,2023,2023,Green and black pastel on cream wove paper,Patrick Dean Hubbell,Navajo
