location,date,temperature_2m_c,temperature_max_c,temperature_min_c,precipitation_mm_day,wind_speed_2m_m_s
Seoul,2021-05-20,17.67,23.94,14.34,11.05,3.28
Seoul,2021-05-21,16.12,19.3,13.76,2.81,2.31
Seoul,2021-05-22,16.32,21.43,11.75,0.01,2.67
Seoul,2021-05-23,16.47,22.44,11.94,0.04,1.67
Seoul,2021-05-24,16.39,22.35,11.61,0.09,2.7
Seoul,2021-05-25,13.77,17.73,10.03,13.63,4.32
Seoul,2021-05-26,15.12,19.37,9.54,0.09,3.89
Seoul,2021-05-27,15.22,19.86,10.76,7.23,4.54
Seoul,2021-05-28,14.98,19.93,10.78,22.77,4.16
Seoul,2021-05-29,15.53,19.89,11.73,1.38,2.66
Seoul,2021-05-30,17.33,24.02,9.9,11.38,2.12
Seoul,2021-05-31,18.91,23.41,15.27,5.68,2.04
Seoul,2021-06-01,19.0,22.8,15.86,1.55,2.47
Seoul,2021-06-02,20.5,26.59,15.62,0.0,1.78
Seoul,2021-06-03,18.13,20.7,15.47,31.39,1.83
Seoul,2021-06-04,17.12,21.17,13.23,0.17,4.21
Seoul,2021-06-05,17.97,22.72,13.16,0.12,3.82
Seoul,2021-06-06,20.14,25.61,14.67,0.15,2.53
Seoul,2021-06-07,20.08,23.9,15.25,0.09,2.16
Seoul,2021-06-08,21.06,24.54,17.55,0.4,1.74
Seoul,2021-06-09,23.61,29.44,17.68,0.0,1.67
Seoul,2021-06-10,21.75,25.66,18.48,14.99,3.34
Seoul,2021-06-11,20.74,23.1,17.85,19.84,3.87
Seoul,2021-06-12,22.64,28.2,17.15,0.03,1.18
Seoul,2021-06-13,22.44,27.97,18.4,0.04,1.34
Seoul,2021-06-14,22.67,28.16,17.59,0.12,0.81
Seoul,2021-06-15,21.66,25.1,19.07,8.34,2.79
Seoul,2021-06-16,21.99,26.15,18.03,0.98,4.07
Seoul,2021-06-17,20.34,24.3,16.76,0.61,2.56
Seoul,2021-06-18,20.15,23.32,17.14,5.94,3.24
Seoul,2021-06-19,20.35,25.26,16.27,0.14,1.82
Seoul,2021-06-20,20.2,25.35,15.04,0.29,3.77
Seoul,2021-06-21,21.14,25.96,16.56,0.41,1.85
Seoul,2021-06-22,19.76,23.95,15.82,3.66,2.14
Seoul,2021-06-23,21.14,24.82,16.58,3.86,1.87
Seoul,2021-06-24,21.4,25.86,16.46,0.06,1.8
Seoul,2021-06-25,22.1,25.88,18.3,0.5,1.55
Seoul,2021-06-26,22.26,25.74,19.55,5.14,0.94
Seoul,2021-06-27,23.21,27.21,18.36,2.79,1.68
Seoul,2021-06-28,22.88,26.15,19.66,3.05,1.98
Seoul,2021-06-29,22.95,26.83,18.78,3.26,1.91
Seoul,2021-06-30,23.29,26.31,20.26,3.69,0.94
Seoul,2021-07-01,24.62,29.15,19.19,0.11,1.39
Seoul,2021-07-02,24.61,29.08,20.46,4.09,2.27
Seoul,2021-07-03,22.04,25.86,19.29,49.48,5.61
Seoul,2021-07-04,22.35,23.89,19.44,12.36,5.1
Seoul,2021-07-05,21.87,24.4,18.82,0.33,1.58
Seoul,2021-07-06,23.13,27.8,19.58,0.67,1.74
Seoul,2021-07-07,23.64,27.27,19.92,9.05,1.24
Seoul,2021-07-08,24.69,28.57,21.43,15.52,1.52
Seoul,2021-07-09,23.66,26.67,20.95,3.49,1.46
Seoul,2021-07-10,23.46,26.2,20.24,6.51,2.37
Seoul,2021-07-11,24.54,26.93,22.07,3.56,2.42
Seoul,2021-07-12,26.66,30.74,22.33,0.09,1.27
Seoul,2021-07-13,27.03,30.24,23.99,0.12,2.27
Seoul,2021-07-14,27.16,30.42,24.12,0.05,2.66
Seoul,2021-07-15,27.71,31.04,23.83,3.01,1.23
Seoul,2021-07-16,27.23,31.49,23.89,6.33,1.5
Seoul,2021-07-17,26.23,29.89,22.6,5.35,2.86
Seoul,2021-07-18,26.91,30.88,22.79,4.13,2.13
Seoul,2021-07-19,26.53,28.84,23.57,3.82,1.47
Seoul,2021-07-20,27.58,31.17,23.46,0.55,1.39
Seoul,2021-07-21,28.03,32.91,23.19,0.0,1.73
Seoul,2021-07-22,27.37,32.15,21.84,0.0,1.91
Seoul,2021-07-23,28.12,32.82,23.0,0.0,1.49
Seoul,2021-07-24,28.45,33.62,23.84,0.01,1.71
Seoul,2021-07-25,27.65,32.1,22.26,0.07,2.53
Seoul,2021-07-26,27.98,32.06,23.28,0.05,2.26
Seoul,2021-07-27,28.4,33.15,23.51,0.0,1.51
Seoul,2021-07-28,27.99,31.89,23.69,0.51,1.48
Seoul,2021-07-29,27.58,31.26,23.91,0.06,1.61
Seoul,2021-07-30,27.61,31.05,24.48,0.32,2.18
Seoul,2021-07-31,27.52,30.99,24.94,2.01,2.16
Seoul,2021-08-01,26.56,28.15,25.0,67.27,0.67
Seoul,2021-08-02,25.91,27.56,24.44,11.57,2.44
Seoul,2021-08-03,27.24,30.43,23.22,2.85,1.39
Seoul,2021-08-04,27.12,30.48,24.2,1.48,2.11
Seoul,2021-08-05,27.62,30.97,24.26,1.45,1.51
Seoul,2021-08-06,26.97,30.48,24.07,7.81,1.54
Seoul,2021-08-07,26.47,29.71,22.68,0.18,1.45
Seoul,2021-08-08,26.14,29.47,23.32,11.44,2.36
Seoul,2021-08-09,26.31,30.23,23.0,3.98,2.91
Seoul,2021-08-10,25.64,29.4,22.03,2.69,2.54
Seoul,2021-08-11,25.43,29.17,22.8,2.71,1.54
Seoul,2021-08-12,25.82,29.49,22.15,0.25,1.27
Seoul,2021-08-13,25.45,28.82,21.88,0.07,1.62
Seoul,2021-08-14,23.99,27.67,20.94,6.97,3.31
Seoul,2021-08-15,24.62,29.11,19.74,0.06,2.39
Seoul,2021-08-16,24.67,28.75,20.42,0.44,2.51
Seoul,2021-08-17,23.7,27.93,19.88,11.8,3.1
Seoul,2021-08-18,23.23,27.29,19.82,13.2,3.5
Seoul,2021-08-19,23.71,28.04,18.86,3.15,2.74
Seoul,2021-08-20,24.49,28.11,20.23,2.86,2.71
Seoul,2021-08-21,23.91,25.87,22.46,75.31,4.37
Seoul,2021-08-22,24.26,27.08,21.62,0.47,3.07
Seoul,2021-08-23,22.87,26.33,20.57,33.37,3.62
Seoul,2021-08-24,24.44,28.58,20.67,13.49,4.99
Seoul,2021-08-25,24.86,27.3,22.41,8.38,2.61
Seoul,2021-08-26,24.43,27.94,22.34,2.48,3.53
Seoul,2021-08-27,22.81,24.34,20.15,11.93,1.34
Seoul,2021-08-28,23.04,26.28,20.16,0.08,2.18
Seoul,2021-08-29,22.76,25.05,21.09,6.56,1.44
Seoul,2021-08-30,23.78,27.01,20.75,0.32,1.09
Seoul,2021-08-31,21.1,23.26,19.53,48.85,2.36
Seoul,2021-09-01,21.35,24.67,19.36,37.47,4.13
Seoul,2021-09-02,21.97,25.54,18.89,2.35,2.49
Seoul,2021-09-03,22.22,26.85,17.93,3.08,2.7
Seoul,2021-09-04,21.3,26.26,16.84,0.02,2.94
Seoul,2021-09-05,21.27,25.81,17.36,0.07,3.63
Seoul,2021-09-06,20.79,24.76,18.29,19.58,4.67
Seoul,2021-09-07,21.36,25.06,18.86,23.62,4.04
Seoul,2021-09-08,21.85,25.7,19.11,1.65,2.26
Seoul,2021-09-09,22.56,26.32,17.89,0.0,1.05
Seoul,2021-09-10,22.46,26.26,19.6,0.05,1.88
Seoul,2021-09-11,22.62,26.32,18.81,0.16,1.49
Seoul,2021-09-12,23.37,27.42,19.35,0.24,1.26
Seoul,2021-09-13,22.79,26.82,18.84,0.0,3.14
Seoul,2021-09-14,21.53,27.1,17.1,0.0,3.22
Seoul,2021-09-15,20.85,26.08,16.88,0.03,4.24
Seoul,2021-09-16,20.71,25.78,15.27,0.0,2.76
Seoul,2021-09-17,20.82,25.5,17.5,3.15,3.39
Seoul,2021-09-18,21.86,26.45,16.65,0.06,1.48
Seoul,2021-09-19,22.21,26.63,17.94,0.02,1.97
Seoul,2021-09-20,21.4,25.71,16.97,9.41,5.08
Seoul,2021-09-21,22.35,24.95,20.85,22.87,4.81
Seoul,2021-09-22,20.79,23.37,17.4,11.31,3.86
Seoul,2021-09-23,20.08,23.67,17.31,0.0,3.49
Seoul,2021-09-24,20.21,25.16,14.99,0.16,2.32
Seoul,2021-09-25,19.84,23.81,16.9,1.55,2.85
Seoul,2021-09-26,20.58,24.97,17.09,0.0,2.53
Seoul,2021-09-27,19.59,23.52,16.05,0.49,2.47
Seoul,2021-09-28,19.34,22.14,16.78,4.76,3.15
Seoul,2021-09-29,20.63,23.87,16.41,20.11,3.1
Seoul,2021-09-30,19.8,25.05,14.28,0.0,1.5
Seoul,2021-10-01,20.65,24.59,17.45,3.34,1.5
Seoul,2021-10-02,20.7,24.38,16.67,3.39,1.44
Seoul,2021-10-03,20.92,25.31,17.12,0.09,3.21
Seoul,2021-10-04,22.4,24.94,19.28,15.16,5.43
Seoul,2021-10-05,22.38,24.95,19.45,6.42,4.31
Seoul,2021-10-06,19.4,21.85,17.48,6.05,3.69
Seoul,2021-10-07,19.81,22.09,18.04,4.89,2.4
Seoul,2021-10-08,19.12,21.13,17.48,4.34,1.22
Seoul,2021-10-09,21.24,25.39,18.04,0.79,2.8
Seoul,2021-10-10,20.06,24.68,14.35,14.39,4.69
Seoul,2021-10-11,15.41,18.46,12.37,4.13,2.76
Seoul,2021-10-12,16.65,19.65,14.12,0.15,4.04
Seoul,2021-10-13,17.88,22.46,13.31,0.14,2.69
Seoul,2021-10-14,18.6,22.31,15.69,0.89,2.27
Seoul,2021-10-15,17.77,21.11,15.53,4.85,2.34
Seoul,2021-10-16,9.04,15.98,3.41,0.85,7.17
Seoul,2021-10-17,5.27,10.27,0.81,0.0,4.04
Seoul,2021-10-18,10.36,14.89,4.88,5.78,2.09
Seoul,2021-10-19,10.92,14.29,6.66,4.78,3.11
Seoul,2021-10-20,9.49,14.01,6.03,0.27,1.25
Seoul,2021-10-21,9.77,13.09,7.25,0.0,1.22
Seoul,2021-10-22,10.47,15.75,6.47,0.62,2.54
Seoul,2021-10-23,11.77,16.59,7.69,0.0,1.63
Seoul,2021-10-24,12.09,16.35,8.02,0.0,1.15
Seoul,2021-10-25,12.46,16.16,9.43,0.0,1.16
Seoul,2021-10-26,13.59,17.34,10.91,0.09,1.4
Seoul,2021-10-27,12.01,16.31,8.03,0.7,3.37
Seoul,2021-10-28,10.87,17.51,4.45,0.0,2.15
Seoul,2021-10-29,12.77,17.8,8.28,0.0,2.61
Seoul,2021-10-30,12.99,17.49,9.42,0.3,2.42
Seoul,2021-10-31,13.58,17.88,9.24,0.65,1.87
Seoul,2021-11-01,11.7,14.74,8.33,0.09,2.77
Seoul,2021-11-02,11.0,15.23,7.54,0.13,1.77
Seoul,2021-11-03,11.86,15.81,8.56,1.14,1.45
Seoul,2021-11-04,13.25,16.43,10.83,0.61,1.15
Seoul,2021-11-05,12.2,18.14,6.69,0.1,1.8
Seoul,2021-11-06,12.75,18.81,7.99,0.0,2.16
Seoul,2021-11-07,13.2,18.86,8.04,0.0,3.9
Seoul,2021-11-08,8.95,13.75,5.42,28.38,6.64
Seoul,2021-11-09,6.22,7.51,4.56,10.93,4.3
Seoul,2021-11-10,4.55,7.19,1.29,0.58,3.65
Seoul,2021-11-11,5.05,9.32,1.84,0.62,4.19
Seoul,2021-11-12,4.15,8.4,0.49,0.05,3.38
Seoul,2021-11-13,8.02,13.52,3.45,0.0,2.11
Seoul,2021-11-14,10.92,15.57,7.71,0.01,2.6
Seoul,2021-11-15,8.96,13.8,4.38,0.0,1.49
Seoul,2021-11-16,7.43,11.94,3.96,0.0,2.17
Seoul,2021-11-17,7.36,11.43,3.83,0.0,1.32
Seoul,2021-11-18,11.29,15.53,6.11,0.14,3.62
Seoul,2021-11-19,11.05,15.0,6.1,0.01,2.96
Seoul,2021-11-20,8.73,13.09,5.58,0.07,1.14
Seoul,2021-11-21,9.68,13.76,6.34,3.48,2.59
Seoul,2021-11-22,2.84,5.43,-0.74,4.79,5.99
Seoul,2021-11-23,0.38,3.15,-2.47,2.29,5.31
Seoul,2021-11-24,4.38,10.08,-1.36,0.45,3.65
Seoul,2021-11-25,4.32,8.72,-0.12,0.02,3.47
Seoul,2021-11-26,2.11,7.6,-0.85,0.02,2.85
Seoul,2021-11-27,2.34,6.9,-1.4,0.0,1.45
Seoul,2021-11-28,5.25,9.19,0.93,0.0,1.3
Seoul,2021-11-29,6.65,11.1,3.39,0.15,2.08
Seoul,2021-11-30,5.62,9.61,-0.58,26.1,7.02
Seoul,2021-12-01,-1.53,0.62,-2.85,0.02,6.41
Seoul,2021-12-02,2.48,6.3,-2.9,0.05,3.78
Seoul,2021-12-03,1.23,5.21,-1.62,0.18,4.47
Seoul,2021-12-04,1.24,6.16,-1.8,0.0,2.63
Seoul,2021-12-05,2.91,7.18,-0.85,0.0,1.31
Seoul,2021-12-06,5.01,10.18,0.14,0.07,1.37
Seoul,2021-12-07,4.98,10.68,1.29,0.42,1.86
Seoul,2021-12-08,5.59,11.01,1.35,0.0,1.3
Seoul,2021-12-09,4.63,7.45,1.64,0.07,2.22
Seoul,2021-12-10,5.6,8.03,3.88,1.2,1.91
Seoul,2021-12-11,5.15,8.32,3.44,0.0,1.32
Seoul,2021-12-12,0.46,4.37,-4.08,0.0,5.55
Seoul,2021-12-13,-1.96,0.96,-4.94,0.04,3.4
Seoul,2021-12-14,3.9,7.19,0.6,3.02,2.64
Seoul,2021-12-15,6.43,9.69,4.85,4.12,2.23
Seoul,2021-12-16,5.08,9.39,0.2,0.03,2.41
Seoul,2021-12-17,-5.68,-0.97,-8.85,0.1,8.12
Seoul,2021-12-18,-3.2,2.02,-9.48,1.76,4.17
Seoul,2021-12-19,-0.06,3.09,-5.09,0.07,3.72
Seoul,2021-12-20,4.81,9.39,2.67,0.0,3.1
Seoul,2021-12-21,2.49,6.86,-1.94,0.05,2.68
Seoul,2021-12-22,0.57,6.27,-3.13,0.0,1.77
Seoul,2021-12-23,2.86,6.83,-0.11,0.0,1.07
Seoul,2021-12-24,-1.3,2.93,-9.66,0.38,5.14
Seoul,2021-12-25,-11.46,-7.86,-14.33,2.66,7.12
Seoul,2021-12-26,-11.6,-7.02,-15.42,0.09,4.95
Seoul,2021-12-27,-5.77,0.13,-11.59,0.09,2.39
Seoul,2021-12-28,-1.69,3.09,-6.71,0.01,1.75
Seoul,2021-12-29,1.5,5.91,-3.79,0.3,4.12
Seoul,2021-12-30,-4.42,-1.62,-7.58,0.25,4.62
Seoul,2021-12-31,-7.68,-3.94,-10.63,0.0,4.89
Seoul,2022-01-01,-4.5,0.03,-9.61,0.01,1.13
Seoul,2022-01-02,-2.07,1.72,-6.77,0.33,3.83
Seoul,2022-01-03,-2.69,1.8,-7.56,0.02,2.1
Seoul,2022-01-04,-4.09,-0.19,-7.33,0.0,3.72
Seoul,2022-01-05,-3.43,-0.09,-7.67,0.0,1.47
Seoul,2022-01-06,-2.61,2.17,-6.09,0.0,3.3
Seoul,2022-01-07,-2.47,1.67,-5.82,0.0,1.48
Seoul,2022-01-08,0.29,4.72,-3.18,0.01,2.35
Seoul,2022-01-09,-0.71,3.18,-3.61,0.0,1.6
Seoul,2022-01-10,-0.13,3.32,-3.1,0.48,1.88
Seoul,2022-01-11,-7.45,-4.54,-10.02,0.01,6.54
Seoul,2022-01-12,-7.84,-3.58,-12.45,0.01,3.69
Seoul,2022-01-13,-6.4,-3.51,-8.99,0.25,5.68
Seoul,2022-01-14,-5.94,-1.28,-11.46,0.0,2.83
Seoul,2022-01-15,-1.29,1.57,-4.3,0.09,2.28
Seoul,2022-01-16,-3.91,-0.48,-8.22,0.02,4.9
Seoul,2022-01-17,-5.84,-1.08,-9.79,0.21,3.88
Seoul,2022-01-18,-6.4,-2.01,-11.06,0.0,2.77
Seoul,2022-01-19,-4.61,0.05,-9.01,1.83,3.44
Seoul,2022-01-20,-5.22,0.16,-9.69,0.34,2.15
Seoul,2022-01-21,-2.55,2.45,-7.32,0.0,1.23
Seoul,2022-01-22,-0.4,3.24,-3.53,0.0,1.26
Seoul,2022-01-23,0.27,4.41,-2.15,0.03,2.57
Seoul,2022-01-24,1.76,6.69,-1.77,0.07,3.15
Seoul,2022-01-25,1.12,4.07,-0.69,0.32,2.7
Seoul,2022-01-26,0.26,3.98,-1.8,0.0,3.09
Seoul,2022-01-27,-1.47,2.36,-3.35,0.0,3.24
Seoul,2022-01-28,-3.11,0.74,-6.58,0.0,4.21
Seoul,2022-01-29,-4.22,0.11,-7.74,0.0,3.85
Seoul,2022-01-30,-4.13,1.59,-8.95,0.0,3.03
Seoul,2022-01-31,-1.8,2.92,-6.87,1.71,2.41
Seoul,2022-02-01,-1.06,1.27,-4.6,0.7,4.77
Seoul,2022-02-02,-3.86,-0.47,-7.87,0.0,3.38
Seoul,2022-02-03,-4.21,-0.12,-8.33,0.0,3.5
Seoul,2022-02-04,-5.14,-1.39,-8.31,0.03,4.88
Seoul,2022-02-05,-6.81,-2.79,-10.54,0.02,5.23
Seoul,2022-02-06,-4.56,0.96,-9.45,0.0,3.7
Seoul,2022-02-07,-3.15,0.72,-8.1,0.0,2.3
Seoul,2022-02-08,-0.86,3.41,-3.77,0.0,1.69
Seoul,2022-02-09,-0.01,4.42,-4.22,0.0,1.27
Seoul,2022-02-10,0.87,4.87,-1.62,0.0,1.81
Seoul,2022-02-11,1.72,6.06,-1.28,0.0,1.42
Seoul,2022-02-12,2.4,7.55,-0.8,0.0,1.54
Seoul,2022-02-13,2.24,6.84,-0.23,0.01,1.83
Seoul,2022-02-14,0.83,5.65,-2.79,1.25,3.62
Seoul,2022-02-15,-4.65,-2.37,-6.32,0.02,6.69
Seoul,2022-02-16,-6.95,-4.86,-8.79,0.01,6.32
Seoul,2022-02-17,-6.76,-2.19,-11.06,0.0,3.73
Seoul,2022-02-18,-2.35,3.18,-7.95,0.0,1.78
Seoul,2022-02-19,-2.0,0.77,-6.26,0.15,4.09
Seoul,2022-02-20,-5.18,-1.29,-8.75,0.01,5.66
Seoul,2022-02-21,-2.74,2.86,-6.85,0.07,4.78
Seoul,2022-02-22,-5.21,-1.53,-8.65,0.01,4.49
Seoul,2022-02-23,-6.35,-1.42,-10.95,0.0,3.9
Seoul,2022-02-24,-3.43,1.9,-9.07,0.0,2.76
Seoul,2022-02-25,1.41,6.46,-2.9,0.01,3.02
Seoul,2022-02-26,3.0,7.58,-0.96,1.48,6.1
Seoul,2022-02-27,1.71,6.74,-2.54,0.01,4.01
Seoul,2022-02-28,3.76,7.93,-0.23,0.0,1.94
Seoul,2022-03-01,3.08,8.2,-2.79,1.42,2.95
Seoul,2022-03-02,1.18,6.67,-3.29,0.0,3.35
Seoul,2022-03-03,3.31,8.68,-1.33,0.0,2.01
Seoul,2022-03-04,4.59,11.96,-1.0,0.03,5.97
Seoul,2022-03-05,0.5,4.66,-2.79,0.0,6.03
Seoul,2022-03-06,0.04,5.11,-3.27,0.0,4.27
Seoul,2022-03-07,1.14,6.0,-2.97,0.0,1.42
Seoul,2022-03-08,3.58,8.37,-0.81,0.0,1.52
Seoul,2022-03-09,4.88,11.59,0.17,0.0,1.16
Seoul,2022-03-10,5.44,11.07,0.99,0.0,2.1
Seoul,2022-03-11,7.79,14.73,3.21,0.0,1.34
Seoul,2022-03-12,8.51,15.55,2.13,5.49,3.22
Seoul,2022-03-13,7.96,12.48,4.36,23.21,1.76
Seoul,2022-03-14,5.97,10.4,1.85,8.1,4.79
Seoul,2022-03-15,4.13,9.65,-0.87,0.0,1.57
Seoul,2022-03-16,7.35,14.02,2.28,0.0,1.9
Seoul,2022-03-17,7.53,13.44,2.9,2.5,3.6
Seoul,2022-03-18,5.44,8.87,2.83,1.41,4.61
Seoul,2022-03-19,2.63,6.53,-0.84,12.38,3.01
Seoul,2022-03-20,2.81,7.4,-1.26,0.04,3.14
Seoul,2022-03-21,3.02,8.66,-2.47,0.0,1.97
Seoul,2022-03-22,4.69,10.74,-1.5,0.0,2.1
Seoul,2022-03-23,3.79,8.14,1.21,0.0,2.37
Seoul,2022-03-24,6.2,11.43,1.25,0.01,3.23
Seoul,2022-03-25,9.4,13.6,3.69,19.18,4.03
Seoul,2022-03-26,9.95,14.14,4.58,17.39,5.08
Seoul,2022-03-27,5.4,11.35,0.21,0.0,4.12
Seoul,2022-03-28,5.59,12.05,-0.6,0.0,1.36
Seoul,2022-03-29,7.38,13.19,0.2,0.0,2.06
Seoul,2022-03-30,7.95,11.91,3.44,1.17,1.85
Seoul,2022-03-31,7.68,12.64,3.11,0.94,2.24
Seoul,2022-04-01,6.41,11.94,0.92,0.0,1.93
Seoul,2022-04-02,6.07,11.38,1.81,0.0,1.83
Seoul,2022-04-03,7.02,13.7,1.85,0.0,1.63
Seoul,2022-04-04,7.29,13.55,2.85,0.0,1.89
Seoul,2022-04-05,7.16,13.19,1.17,0.02,2.51
Seoul,2022-04-06,8.62,14.1,4.21,0.02,2.23
Seoul,2022-04-07,8.01,13.48,3.88,0.53,3.06
Seoul,2022-04-08,9.47,16.3,3.39,0.0,2.62
Seoul,2022-04-09,12.49,19.0,7.27,0.07,4.71
Seoul,2022-04-10,12.71,20.21,6.08,0.15,2.91
Seoul,2022-04-11,14.55,21.78,8.15,0.52,2.28
Seoul,2022-04-12,14.52,19.83,9.69,2.81,2.66
Seoul,2022-04-13,10.58,12.78,8.16,11.37,5.38
Seoul,2022-04-14,9.34,14.12,5.86,3.74,4.19
Seoul,2022-04-15,9.6,15.92,3.09,0.0,2.86
Seoul,2022-04-16,9.26,15.93,3.07,0.0,2.81
Seoul,2022-04-17,10.27,17.5,5.77,0.0,2.31
Seoul,2022-04-18,11.08,17.04,6.96,0.0,2.26
Seoul,2022-04-19,11.08,18.07,6.73,0.0,2.23
Seoul,2022-04-20,11.45,18.56,6.42,0.0,2.79
Seoul,2022-04-21,12.12,18.51,5.46,0.0,3.98
Seoul,2022-04-22,12.13,16.14,8.66,0.06,4.29
Seoul,2022-04-23,13.91,21.84,5.48,0.0,1.9
Seoul,2022-04-24,14.53,20.31,9.84,0.11,2.22
Seoul,2022-04-25,16.72,21.2,11.05,1.29,1.21
Seoul,2022-04-26,17.76,24.44,11.59,17.03,4.0
Seoul,2022-04-27,13.43,19.77,7.13,0.0,2.77
Seoul,2022-04-28,14.74,21.43,7.93,2.59,2.44
Seoul,2022-04-29,11.6,15.84,8.12,15.57,3.75
Seoul,2022-04-30,11.18,15.15,7.41,0.01,3.56
Seoul,2022-05-01,11.13,16.72,5.37,0.01,3.8
Seoul,2022-05-02,12.18,16.97,7.64,0.02,2.46
Seoul,2022-05-03,11.98,17.46,7.09,0.0,3.18
Seoul,2022-05-04,13.6,20.45,7.06,0.01,3.92
Seoul,2022-05-05,14.86,21.47,8.0,0.01,2.51
Seoul,2022-05-06,16.24,22.37,10.19,0.12,2.22
Seoul,2022-05-07,15.55,20.63,11.89,0.35,3.46
Seoul,2022-05-08,13.4,18.82,9.66,5.25,3.4
Seoul,2022-05-09,14.99,21.9,7.71,0.02,2.39
Seoul,2022-05-10,16.02,22.2,10.38,0.0,2.06
Seoul,2022-05-11,16.07,21.11,11.74,0.05,1.8
Seoul,2022-05-12,17.61,23.83,11.54,0.02,2.04
Seoul,2022-05-13,15.94,20.24,11.89,0.08,2.59
Seoul,2022-05-14,13.57,18.89,8.07,0.0,4.06
Seoul,2022-05-15,13.43,19.28,7.34,0.0,3.18
Seoul,2022-05-16,14.56,20.41,8.44,0.04,3.92
Seoul,2022-05-17,16.06,22.73,9.63,0.09,3.66
Seoul,2022-05-18,16.26,21.37,11.7,0.63,4.35
Seoul,2022-05-19,16.09,20.41,11.96,0.03,3.17
Seoul,2022-05-20,17.46,22.44,12.33,0.06,2.48
Seoul,2022-05-21,16.9,21.9,12.87,0.06,2.3
Seoul,2022-05-22,17.44,22.11,12.89,0.06,2.47
Seoul,2022-05-23,18.48,24.77,13.12,0.05,2.23
Seoul,2022-05-24,19.21,25.26,13.61,0.02,1.71
Seoul,2022-05-25,18.35,23.55,14.35,13.64,2.52
Seoul,2022-05-26,16.48,21.42,11.7,0.33,4.41
Seoul,2022-05-27,17.21,22.51,13.47,0.73,4.01
Seoul,2022-05-28,18.52,24.22,12.6,0.6,3.62
Seoul,2022-05-29,19.58,24.67,14.29,0.53,2.27
Seoul,2022-05-30,18.47,22.3,12.76,3.99,2.19
Seoul,2022-05-31,17.5,23.28,11.58,0.05,2.62
Seoul,2022-06-01,18.49,24.75,12.66,0.04,2.95
Seoul,2022-06-02,18.77,23.55,13.42,0.16,2.06
Seoul,2022-06-03,21.2,27.49,15.51,0.07,1.41
Seoul,2022-06-04,21.9,26.75,16.21,0.3,2.42
Seoul,2022-06-05,19.05,21.65,16.39,3.7,3.54
Seoul,2022-06-06,17.93,21.56,13.25,12.94,4.17
Seoul,2022-06-07,17.61,22.21,12.46,0.27,2.86
Seoul,2022-06-08,18.55,23.14,12.94,0.01,1.96
Seoul,2022-06-09,18.96,22.93,15.44,3.78,1.64
Seoul,2022-06-10,20.39,24.83,16.27,2.31,1.6
Seoul,2022-06-11,21.73,27.17,16.64,0.04,2.77
Seoul,2022-06-12,21.3,27.0,15.82,0.01,2.35
Seoul,2022-06-13,20.83,25.55,16.59,2.43,3.23
Seoul,2022-06-14,19.4,24.37,14.99,3.76,5.05
Seoul,2022-06-15,17.89,22.51,14.18,39.52,3.29
Seoul,2022-06-16,19.79,23.47,17.02,5.17,2.39
Seoul,2022-06-17,21.17,26.08,15.42,0.23,2.11
Seoul,2022-06-18,22.14,25.87,19.0,1.71,2.03
Seoul,2022-06-19,22.25,26.15,18.49,2.21,1.84
Seoul,2022-06-20,23.26,27.56,19.1,0.88,1.17
Seoul,2022-06-21,23.86,29.67,19.07,0.1,1.48
Seoul,2022-06-22,23.11,26.99,18.89,0.1,1.55
Seoul,2022-06-23,22.49,24.53,19.89,147.24,4.5
Seoul,2022-06-24,22.18,25.28,19.44,9.48,4.52
Seoul,2022-06-25,23.71,27.92,19.2,0.55,4.16
Seoul,2022-06-26,25.0,28.71,22.1,2.23,4.29
Seoul,2022-06-27,24.85,26.85,22.85,29.75,6.09
Seoul,2022-06-28,24.92,27.23,23.88,12.43,7.34
Seoul,2022-06-29,24.83,26.88,23.08,54.98,5.71
Seoul,2022-06-30,24.16,26.68,22.71,181.75,4.01
Seoul,2022-07-01,25.48,28.72,22.63,10.46,2.9
Seoul,2022-07-02,26.23,30.61,22.15,0.01,1.3
Seoul,2022-07-03,27.22,31.22,22.97,0.85,1.08
Seoul,2022-07-04,27.32,29.75,24.65,3.35,0.96
Seoul,2022-07-05,27.89,31.95,24.64,4.49,1.13
Seoul,2022-07-06,27.03,30.15,23.7,11.01,2.52
Seoul,2022-07-07,26.43,29.55,24.02,12.19,4.7
Seoul,2022-07-08,25.03,26.85,23.08,8.84,3.45
Seoul,2022-07-09,25.79,29.15,22.84,0.58,2.24
Seoul,2022-07-10,27.0,31.84,22.7,23.64,1.21
Seoul,2022-07-11,25.91,28.95,23.28,27.59,1.24
Seoul,2022-07-12,25.71,29.54,21.96,4.54,2.43
Seoul,2022-07-13,24.61,26.16,23.05,84.86,4.79
Seoul,2022-07-14,24.92,28.73,21.69,5.1,2.76
Seoul,2022-07-15,24.11,27.51,21.06,2.73,1.72
Seoul,2022-07-16,24.17,27.01,21.08,6.67,2.19
Seoul,2022-07-17,24.28,26.68,21.65,0.87,1.93
Seoul,2022-07-18,26.04,29.3,22.14,1.18,1.54
Seoul,2022-07-19,25.03,28.33,21.79,0.33,2.19
Seoul,2022-07-20,25.18,28.28,22.06,5.2,1.82
Seoul,2022-07-21,24.17,27.1,21.3,24.16,4.78
Seoul,2022-07-22,24.29,27.2,21.6,3.05,1.88
Seoul,2022-07-23,24.14,27.12,21.14,10.41,2.41
Seoul,2022-07-24,25.6,29.3,22.57,7.43,2.6
Seoul,2022-07-25,25.66,29.26,21.75,0.0,1.61
Seoul,2022-07-26,26.96,30.53,22.22,0.02,1.13
Seoul,2022-07-27,25.99,29.56,22.87,0.01,2.76
Seoul,2022-07-28,26.52,30.7,21.39,0.8,2.95
Seoul,2022-07-29,28.13,31.85,24.19,1.1,2.16
Seoul,2022-07-30,28.0,32.2,24.8,2.66,2.69
Seoul,2022-07-31,26.55,28.91,24.98,24.81,3.82
Seoul,2022-08-01,27.75,31.21,25.1,15.39,4.61
Seoul,2022-08-02,26.95,29.23,25.46,17.14,4.93
Seoul,2022-08-03,26.79,29.17,24.85,13.96,3.39
Seoul,2022-08-04,27.25,30.38,24.44,1.06,1.52
Seoul,2022-08-05,27.3,30.1,24.67,1.22,2.13
Seoul,2022-08-06,27.76,30.71,25.32,2.19,2.01
Seoul,2022-08-07,27.69,30.06,25.57,5.11,3.22
Seoul,2022-08-08,27.16,28.23,26.23,49.53,4.7
Seoul,2022-08-09,26.58,29.11,22.63,78.83,4.12
Seoul,2022-08-10,23.85,27.52,21.62,30.97,2.41
Seoul,2022-08-11,23.98,26.78,22.21,19.86,1.65
Seoul,2022-08-12,25.34,28.98,21.42,0.07,1.08
Seoul,2022-08-13,25.2,27.94,22.18,5.63,1.95
Seoul,2022-08-14,26.7,28.91,23.99,7.88,1.65
Seoul,2022-08-15,26.99,29.37,25.23,8.05,6.69
Seoul,2022-08-16,24.87,27.41,22.28,0.26,2.56
Seoul,2022-08-17,24.73,28.23,21.09,2.04,1.62
Seoul,2022-08-18,24.46,26.93,21.68,0.0,1.25
Seoul,2022-08-19,25.1,27.57,21.23,12.63,4.08
Seoul,2022-08-20,26.71,29.89,23.5,2.83,1.54
Seoul,2022-08-21,25.93,29.01,23.06,0.1,1.82
Seoul,2022-08-22,24.79,27.36,21.15,1.02,2.79
Seoul,2022-08-23,24.12,27.46,20.69,5.07,2.74
Seoul,2022-08-24,22.93,26.2,20.03,0.27,2.87
Seoul,2022-08-25,21.92,24.72,19.02,2.97,2.26
Seoul,2022-08-26,22.96,25.74,20.11,0.71,2.46
Seoul,2022-08-27,20.02,23.41,16.75,0.72,3.93
Seoul,2022-08-28,21.13,25.35,15.64,0.0,1.94
Seoul,2022-08-29,19.97,22.08,18.16,2.8,3.02
Seoul,2022-08-30,19.67,21.53,17.81,31.46,2.86
Seoul,2022-08-31,22.07,25.62,18.55,1.71,1.92
Seoul,2022-09-01,22.81,27.7,18.5,0.0,1.65
Seoul,2022-09-02,22.21,26.93,18.23,0.01,3.58
Seoul,2022-09-03,21.45,25.8,18.52,0.01,4.14
Seoul,2022-09-04,22.35,25.84,18.74,16.19,4.41
Seoul,2022-09-05,22.61,25.23,17.85,96.48,3.43
Seoul,2022-09-06,20.32,24.17,17.27,15.23,5.76
Seoul,2022-09-07,21.65,25.75,18.45,0.0,1.6
Seoul,2022-09-08,21.72,26.08,16.51,0.0,1.12
Seoul,2022-09-09,21.31,26.73,15.97,0.0,2.01
Seoul,2022-09-10,20.69,25.43,16.36,0.0,2.77
Seoul,2022-09-11,21.22,24.8,18.04,0.07,1.71
Seoul,2022-09-12,22.2,25.45,17.48,0.06,1.29
Seoul,2022-09-13,22.49,26.09,19.53,0.07,2.37
Seoul,2022-09-14,21.72,25.38,19.45,1.71,5.23
Seoul,2022-09-15,22.57,26.99,19.0,0.29,4.27
Seoul,2022-09-16,23.38,27.92,18.59,3.16,3.86
Seoul,2022-09-17,24.23,27.55,21.53,0.8,2.0
Seoul,2022-09-18,24.9,29.81,20.96,0.04,2.58
Seoul,2022-09-19,21.33,25.05,15.74,1.34,4.71
Seoul,2022-09-20,17.8,21.86,13.91,0.0,2.25
Seoul,2022-09-21,17.31,21.46,13.06,0.0,2.24
Seoul,2022-09-22,17.15,21.24,11.17,0.01,2.43
Seoul,2022-09-23,16.53,20.88,13.56,3.0,4.57
Seoul,2022-09-24,17.22,21.57,11.64,0.0,2.88
Seoul,2022-09-25,19.01,22.82,15.45,0.0,1.55
Seoul,2022-09-26,19.86,24.38,16.25,0.0,0.89
Seoul,2022-09-27,19.01,24.52,12.46,0.0,1.29
Seoul,2022-09-28,17.91,21.87,13.6,0.0,1.68
Seoul,2022-09-29,18.79,22.44,14.94,0.0,1.13
Seoul,2022-09-30,19.11,23.54,15.99,0.0,1.04
Seoul,2022-10-01,19.36,23.38,15.72,0.0,0.74
Seoul,2022-10-02,18.54,21.97,16.15,8.56,3.83
Seoul,2022-10-03,21.98,24.81,19.51,41.3,6.29
Seoul,2022-10-04,17.78,22.11,14.2,33.77,3.02
Seoul,2022-10-05,15.29,16.89,14.17,2.74,1.89
Seoul,2022-10-06,15.41,18.35,12.73,2.1,1.36
Seoul,2022-10-07,13.41,16.43,11.09,2.54,3.31
Seoul,2022-10-08,13.75,18.32,9.34,0.03,2.73
Seoul,2022-10-09,12.46,13.76,10.14,18.35,4.22
Seoul,2022-10-10,9.4,11.52,7.18,2.13,7.03
Seoul,2022-10-11,10.06,14.9,6.76,0.0,4.1
Seoul,2022-10-12,13.17,18.13,7.9,0.0,1.17
Seoul,2022-10-13,14.55,20.01,9.58,0.0,1.62
Seoul,2022-10-14,15.92,20.71,11.02,0.0,1.1
Seoul,2022-10-15,16.39,21.29,11.54,0.0,1.03
Seoul,2022-10-16,15.63,20.28,11.81,0.0,2.07
Seoul,2022-10-17,9.28,12.36,5.93,0.0,5.47
Seoul,2022-10-18,7.33,11.81,4.05,0.0,3.79
Seoul,2022-10-19,9.45,14.17,4.21,0.0,2.38
Seoul,2022-10-20,12.01,16.68,8.22,0.0,1.52
Seoul,2022-10-21,12.51,16.37,10.11,0.0,1.81
Seoul,2022-10-22,13.71,17.83,10.54,0.76,2.38
Seoul,2022-10-23,10.76,16.13,7.36,0.8,3.35
Seoul,2022-10-24,8.16,12.64,5.0,0.71,3.73
Seoul,2022-10-25,9.57,14.91,4.43,0.07,2.18
Seoul,2022-10-26,10.45,15.9,4.62,0.0,1.98
Seoul,2022-10-27,10.86,16.99,6.97,0.06,2.35
Seoul,2022-10-28,11.96,17.17,7.97,0.26,1.65
Seoul,2022-10-29,12.6,17.87,7.04,0.04,1.96
Seoul,2022-10-30,13.28,18.12,8.13,0.05,2.19
Seoul,2022-10-31,13.24,17.41,9.28,0.03,2.14
Seoul,2022-11-01,11.85,16.41,6.25,0.47,2.34
Seoul,2022-11-02,8.92,13.83,5.24,0.0,2.09
Seoul,2022-11-03,7.9,12.23,3.48,0.0,3.47
Seoul,2022-11-04,3.27,8.35,-0.88,0.0,4.77
Seoul,2022-11-05,5.96,11.16,0.38,0.0,2.4
Seoul,2022-11-06,10.68,13.79,7.98,0.0,1.58
Seoul,2022-11-07,10.67,14.32,6.06,0.41,1.95
Seoul,2022-11-08,11.37,15.26,8.86,0.05,1.55
Seoul,2022-11-09,10.45,13.31,7.28,0.0,1.02
Seoul,2022-11-10,12.05,16.12,9.19,0.04,1.42
Seoul,2022-11-11,12.63,18.23,7.83,0.0,2.44
Seoul,2022-11-12,14.14,19.64,8.73,26.24,4.21
Seoul,2022-11-13,9.23,12.59,5.51,0.21,3.77
Seoul,2022-11-14,8.1,11.75,3.32,0.19,2.56
Seoul,2022-11-15,8.13,12.0,3.62,1.42,2.66
Seoul,2022-11-16,8.44,12.09,4.37,0.01,2.29
Seoul,2022-11-17,10.81,14.52,7.73,0.0,1.18
Seoul,2022-11-18,9.9,15.36,5.39,0.0,1.74
Seoul,2022-11-19,9.83,15.07,5.4,0.0,2.68
Seoul,2022-11-20,11.41,15.9,6.68,0.01,1.53
Seoul,2022-11-21,9.8,13.92,6.5,0.0,1.81
Seoul,2022-11-22,9.1,12.01,5.97,1.23,1.74
Seoul,2022-11-23,8.48,12.7,3.94,1.83,2.9
Seoul,2022-11-24,8.16,12.93,4.11,0.0,1.28
Seoul,2022-11-25,9.37,14.29,3.91,0.71,4.41
Seoul,2022-11-26,4.18,10.35,-0.9,0.0,4.44
Seoul,2022-11-27,4.3,9.28,-1.02,0.0,1.7
Seoul,2022-11-28,10.67,14.89,4.37,22.66,3.66
Seoul,2022-11-29,3.67,12.11,-4.14,3.8,7.46
Seoul,2022-11-30,-5.18,-3.03,-6.61,0.04,6.87
Seoul,2022-12-01,-4.66,-1.66,-7.16,0.15,3.48
Seoul,2022-12-02,-3.28,0.21,-7.25,0.07,1.85
Seoul,2022-12-03,1.96,6.54,-1.67,0.57,3.85
Seoul,2022-12-04,-3.83,-1.92,-5.72,0.0,5.13
Seoul,2022-12-05,-3.77,0.14,-7.83,0.0,3.27
Seoul,2022-12-06,0.37,3.15,-3.13,0.17,2.9
Seoul,2022-12-07,2.75,7.35,-0.47,0.04,3.61
Seoul,2022-12-08,2.28,6.62,-1.09,0.0,1.32
Seoul,2022-12-09,3.25,8.75,0.72,0.01,2.13
Seoul,2022-12-10,1.6,5.15,-0.46,0.0,2.11
Seoul,2022-12-11,0.17,4.22,-2.54,0.0,2.89
Seoul,2022-12-12,1.59,5.01,-0.71,1.31,2.38
Seoul,2022-12-13,-0.54,2.46,-7.41,1.99,5.73
Seoul,2022-12-14,-7.58,-5.47,-10.19,0.06,4.59
Seoul,2022-12-15,-3.58,2.75,-7.93,2.14,4.15
Seoul,2022-12-16,-6.12,-2.44,-9.7,0.0,3.72
Seoul,2022-12-17,-7.43,-4.21,-10.49,1.9,3.91
Seoul,2022-12-18,-9.41,-6.61,-12.26,0.13,3.86
Seoul,2022-12-19,-7.55,-3.46,-10.93,0.06,1.59
Seoul,2022-12-20,-3.9,0.26,-8.74,0.21,1.72
Seoul,2022-12-21,-0.33,2.99,-3.35,3.7,3.93
Seoul,2022-12-22,-8.19,-4.38,-12.29,0.08,7.72
Seoul,2022-12-23,-11.73,-9.12,-13.77,0.13,8.07
Seoul,2022-12-24,-9.49,-4.72,-14.0,0.0,1.75
Seoul,2022-12-25,-6.32,-0.78,-10.12,0.0,2.98
Seoul,2022-12-26,-5.5,-1.08,-9.11,0.0,1.64
Seoul,2022-12-27,-3.2,1.08,-6.64,0.0,1.67
Seoul,2022-12-28,-4.29,-1.5,-8.09,0.15,3.9
Seoul,2022-12-29,-4.62,-1.03,-9.08,0.04,1.65
Seoul,2022-12-30,-3.89,-0.75,-7.22,0.01,2.19
Seoul,2022-12-31,-1.31,2.97,-6.28,0.01,2.24
Seoul,2023-01-01,-2.29,1.9,-5.93,0.0,4.35
Seoul,2023-01-02,-6.0,-1.57,-9.05,0.0,4.07
Seoul,2023-01-03,-6.29,-1.18,-10.28,0.0,2.79
Seoul,2023-01-04,-3.48,0.7,-6.38,0.0,1.64
Seoul,2023-01-05,-1.8,2.1,-4.71,0.0,1.09
Seoul,2023-01-06,-0.26,3.23,-5.41,1.79,3.0
Seoul,2023-01-07,0.61,3.21,-2.06,0.18,4.06
Seoul,2023-01-08,0.27,3.95,-2.73,0.0,1.43
Seoul,2023-01-09,0.49,4.32,-3.35,0.03,3.32
Seoul,2023-01-10,0.07,4.77,-3.49,0.0,1.29
Seoul,2023-01-11,1.55,5.05,-1.67,0.0,0.91
Seoul,2023-01-12,3.15,8.9,-1.4,0.9,2.45
Seoul,2023-01-13,6.19,9.51,3.98,21.68,2.22
Seoul,2023-01-14,4.08,6.06,1.22,3.47,3.25
Seoul,2023-01-15,-0.84,1.04,-4.27,2.9,3.79
Seoul,2023-01-16,-5.02,-2.17,-7.25,0.0,4.51
Seoul,2023-01-17,-3.53,-0.71,-6.6,0.15,1.68
Seoul,2023-01-18,-2.68,0.36,-5.24,0.0,1.98
Seoul,2023-01-19,-0.75,2.79,-5.92,0.08,3.13
Seoul,2023-01-20,-4.41,1.56,-9.4,0.04,5.81
Seoul,2023-01-21,-5.51,-0.69,-10.46,0.0,1.47
Seoul,2023-01-22,-1.53,1.69,-4.66,0.25,1.95
Seoul,2023-01-23,-2.32,3.4,-10.74,0.01,4.34
Seoul,2023-01-24,-15.01,-12.1,-17.26,0.01,8.34
Seoul,2023-01-25,-12.25,-7.69,-18.31,0.06,2.56
Seoul,2023-01-26,-5.7,-3.9,-7.51,0.52,2.15
Seoul,2023-01-27,-7.62,-4.42,-10.49,0.0,6.07
Seoul,2023-01-28,-7.48,-2.08,-12.37,0.02,2.85
Seoul,2023-01-29,-2.54,3.42,-7.83,0.09,4.05
Seoul,2023-01-30,-3.17,2.04,-8.35,0.0,2.53
Seoul,2023-01-31,0.03,5.14,-5.5,0.0,4.15
Seoul,2023-02-01,-0.47,3.06,-4.86,0.01,4.76
Seoul,2023-02-02,-3.86,-0.55,-6.44,0.0,3.34
Seoul,2023-02-03,-2.96,0.57,-5.18,0.0,2.15
Seoul,2023-02-04,-1.87,3.44,-6.84,0.0,2.25
Seoul,2023-02-05,0.14,5.15,-4.56,0.0,2.07
Seoul,2023-02-06,1.18,6.52,-2.28,0.0,1.46
Seoul,2023-02-07,1.14,5.96,-1.27,0.0,1.92
Seoul,2023-02-08,-0.07,4.81,-2.83,0.0,2.99
Seoul,2023-02-09,1.61,7.12,-2.72,0.34,2.86
Seoul,2023-02-10,1.84,6.32,-1.29,0.46,2.24
Seoul,2023-02-11,0.94,4.2,-1.41,0.0,1.0
Seoul,2023-02-12,1.47,5.03,-1.52,0.01,2.09
Seoul,2023-02-13,2.86,7.28,-0.22,0.93,2.54
Seoul,2023-02-14,0.32,5.07,-2.58,0.06,2.92
Seoul,2023-02-15,1.09,5.72,-1.84,0.9,2.31
Seoul,2023-02-16,0.63,4.03,-1.24,0.0,2.9
Seoul,2023-02-17,2.29,6.71,-0.36,0.0,1.13
Seoul,2023-02-18,4.55,9.52,0.36,0.0,1.27
Seoul,2023-02-19,1.02,4.63,-2.1,0.19,4.76
Seoul,2023-02-20,-1.58,1.22,-4.14,0.0,5.76
Seoul,2023-02-21,-2.18,1.94,-5.42,0.0,2.78
Seoul,2023-02-22,-0.18,4.36,-3.01,0.0,1.71
Seoul,2023-02-23,1.66,6.08,-1.03,0.0,1.97
Seoul,2023-02-24,1.33,6.08,-2.82,0.01,3.92
Seoul,2023-02-25,-0.85,3.79,-3.58,0.57,4.17
Seoul,2023-02-26,0.61,5.97,-3.53,0.0,1.88
Seoul,2023-02-27,2.23,8.13,-1.31,0.0,1.33
Seoul,2023-02-28,2.69,7.53,-2.26,0.05,2.52
Seoul,2023-03-01,3.39,7.63,-1.39,0.0,3.62
Seoul,2023-03-02,0.03,4.49,-3.5,0.0,4.02
Seoul,2023-03-03,2.49,8.08,-1.53,0.0,2.9
Seoul,2023-03-04,4.1,10.13,0.53,0.0,1.52
Seoul,2023-03-05,5.34,12.09,0.43,0.0,1.51
Seoul,2023-03-06,5.08,11.74,-0.59,0.0,2.57
Seoul,2023-03-07,6.78,14.22,1.53,0.06,3.39
Seoul,2023-03-08,8.43,14.82,3.16,0.11,3.8
Seoul,2023-03-09,6.91,10.13,3.59,0.24,2.47
Seoul,2023-03-10,8.19,16.93,2.65,0.02,3.06
Seoul,2023-03-11,8.29,15.01,5.03,0.03,2.8
Seoul,2023-03-12,3.61,5.72,-2.1,5.24,5.5
Seoul,2023-03-13,1.21,5.37,-3.24,0.0,4.09
Seoul,2023-03-14,5.0,11.37,-0.39,0.0,4.61
Seoul,2023-03-15,6.02,13.02,1.09,0.17,4.79
Seoul,2023-03-16,2.5,7.89,-2.8,0.0,3.56
Seoul,2023-03-17,3.73,8.77,-0.8,0.0,2.22
Seoul,2023-03-18,5.37,11.41,0.4,0.0,3.14
Seoul,2023-03-19,5.08,11.73,-0.24,0.0,1.68
Seoul,2023-03-20,6.57,12.76,1.8,0.0,1.44
Seoul,2023-03-21,9.93,17.47,3.74,0.0,1.25
Seoul,2023-03-22,12.21,20.67,4.05,1.58,2.05
Seoul,2023-03-23,12.29,18.08,5.74,1.92,3.39
Seoul,2023-03-24,9.29,16.03,3.25,0.0,2.26
Seoul,2023-03-25,9.67,14.39,6.16,0.0,2.59
Seoul,2023-03-26,7.01,11.84,0.75,0.0,4.34
Seoul,2023-03-27,5.07,11.01,-0.56,0.0,1.79
Seoul,2023-03-28,6.54,12.85,-0.17,0.0,2.12
Seoul,2023-03-29,8.44,15.01,2.83,0.0,1.58
Seoul,2023-03-30,9.45,16.47,4.08,0.0,1.67
Seoul,2023-03-31,11.37,18.7,6.1,0.0,1.32
Seoul,2023-04-01,13.49,21.88,5.49,0.0,1.73
Seoul,2023-04-02,12.8,20.42,6.28,0.0,3.49
Seoul,2023-04-03,12.96,21.06,5.17,0.0,3.27
Seoul,2023-04-04,12.24,17.28,7.66,5.3,2.84
Seoul,2023-04-05,11.86,15.25,8.53,21.58,5.33
Seoul,2023-04-06,8.81,10.78,7.19,1.14,3.79
Seoul,2023-04-07,8.14,13.83,3.01,0.0,4.12
Seoul,2023-04-08,7.19,13.24,1.77,0.0,4.0
Seoul,2023-04-09,7.67,15.05,1.4,0.0,3.62
Seoul,2023-04-10,9.53,15.99,3.22,0.0,4.59
Seoul,2023-04-11,10.96,16.25,3.36,2.13,6.36
Seoul,2023-04-12,7.21,13.18,1.81,0.0,3.49
Seoul,2023-04-13,10.25,16.16,3.77,0.02,2.55
Seoul,2023-04-14,12.85,19.12,8.14,0.2,1.55
Seoul,2023-04-15,11.07,15.74,5.95,3.17,2.3
Seoul,2023-04-16,8.27,13.02,5.62,0.24,2.14
Seoul,2023-04-17,10.84,16.55,5.3,0.01,2.17
Seoul,2023-04-18,13.41,18.2,9.76,1.88,2.63
Seoul,2023-04-19,16.09,24.83,7.68,0.02,1.84
Seoul,2023-04-20,14.36,17.85,10.7,0.15,3.56
Seoul,2023-04-21,13.17,19.36,7.71,0.0,4.37
Seoul,2023-04-22,12.46,18.67,7.04,0.0,3.07
Seoul,2023-04-23,13.21,19.94,7.59,0.0,2.17
Seoul,2023-04-24,11.79,17.39,7.34,0.01,2.73
Seoul,2023-04-25,9.39,13.17,6.35,0.41,2.24
Seoul,2023-04-26,9.26,13.12,5.91,0.04,3.92
Seoul,2023-04-27,10.82,17.47,5.05,0.0,1.93
Seoul,2023-04-28,13.07,18.49,5.67,0.73,2.96
Seoul,2023-04-29,12.4,15.42,8.85,6.93,5.2
Seoul,2023-04-30,11.66,17.02,6.9,0.11,4.05
Seoul,2023-05-01,12.26,18.0,6.91,0.05,2.22
Seoul,2023-05-02,14.32,19.9,7.09,0.0,1.97
Seoul,2023-05-03,16.53,22.21,11.23,0.01,1.75
Seoul,2023-05-04,17.87,22.88,12.37,3.14,2.38
Seoul,2023-05-05,17.45,22.01,11.97,31.58,5.1
Seoul,2023-05-06,11.83,13.32,8.15,21.93,7.41
Seoul,2023-05-07,12.13,17.51,7.61,0.36,3.06
Seoul,2023-05-08,13.3,20.44,6.67,0.0,1.97
Seoul,2023-05-09,13.43,19.29,8.14,0.0,2.61
Seoul,2023-05-10,15.41,21.66,8.46,0.02,1.52
Seoul,2023-05-11,15.94,22.69,9.38,0.0,2.07
Seoul,2023-05-12,15.29,20.64,9.83,0.01,1.63
Seoul,2023-05-13,15.51,20.8,10.78,0.12,1.68
Seoul,2023-05-14,16.33,20.14,12.38,0.06,1.54
Seoul,2023-05-15,17.5,23.95,10.26,0.0,2.63
Seoul,2023-05-16,18.65,25.62,12.78,0.03,3.47
Seoul,2023-05-17,18.79,24.56,12.88,0.11,3.65
Seoul,2023-05-18,19.05,23.34,15.04,0.8,1.53
Seoul,2023-05-19,19.2,24.99,13.56,0.02,2.63
Seoul,2023-05-20,17.92,23.59,13.62,0.27,4.04
Seoul,2023-05-21,16.59,20.39,13.6,0.13,2.92
Seoul,2023-05-22,17.68,23.02,13.04,0.07,1.07
Seoul,2023-05-23,17.81,23.53,11.0,0.0,1.63
Seoul,2023-05-24,17.36,22.94,11.86,0.0,1.89
Seoul,2023-05-25,17.96,23.35,11.99,0.04,1.97
Seoul,2023-05-26,18.99,22.82,14.38,0.07,1.6
Seoul,2023-05-27,18.57,20.49,16.93,18.91,1.76
Seoul,2023-05-28,18.92,20.9,17.33,23.93,2.84
Seoul,2023-05-29,22.18,27.39,17.72,1.15,1.49
Seoul,2023-05-30,21.52,26.8,17.52,0.27,2.71
Seoul,2023-05-31,20.25,25.13,15.94,0.21,2.93
Seoul,2023-06-01,20.1,24.89,16.74,0.06,1.52
Seoul,2023-06-02,19.49,23.76,15.62,0.52,2.34
Seoul,2023-06-03,19.27,25.22,13.52,0.09,3.11
Seoul,2023-06-04,19.38,24.36,14.88,0.39,2.47
Seoul,2023-06-05,19.13,23.59,15.5,0.25,3.28
Seoul,2023-06-06,18.42,22.59,14.56,0.16,2.38
Seoul,2023-06-07,19.55,24.26,14.85,0.2,2.97
Seoul,2023-06-08,18.77,21.65,14.98,7.92,3.77
Seoul,2023-06-09,21.49,25.78,16.58,3.46,1.32
Seoul,2023-06-10,20.37,24.88,16.71,5.62,2.46
Seoul,2023-06-11,21.83,25.9,16.97,3.56,1.09
Seoul,2023-06-12,20.73,24.19,16.31,0.21,1.24
Seoul,2023-06-13,20.69,23.91,17.32,1.09,1.59
Seoul,2023-06-14,20.93,25.05,16.93,2.21,0.73
Seoul,2023-06-15,20.67,25.21,16.24,0.12,1.82
Seoul,2023-06-16,21.35,26.32,16.73,0.03,1.84
Seoul,2023-06-17,21.57,26.75,16.75,0.02,1.73
Seoul,2023-06-18,22.71,28.83,17.58,0.01,1.19
Seoul,2023-06-19,24.85,30.89,18.22,0.0,1.78
Seoul,2023-06-20,21.75,24.03,19.34,2.17,3.05
Seoul,2023-06-21,21.42,25.76,18.46,15.83,2.18
Seoul,2023-06-22,21.74,25.17,17.96,0.89,2.59
Seoul,2023-06-23,23.91,28.1,19.06,0.01,0.78
Seoul,2023-06-24,24.11,28.72,18.96,0.0,1.97
Seoul,2023-06-25,25.26,30.77,19.97,0.02,1.67
Seoul,2023-06-26,23.31,26.42,20.84,53.83,5.27
Seoul,2023-06-27,23.92,27.7,20.88,2.4,3.91
Seoul,2023-06-28,24.23,27.74,20.38,1.91,2.42
Seoul,2023-06-29,24.28,27.24,22.36,35.16,4.0
Seoul,2023-06-30,25.8,29.84,21.55,2.19,0.8
Seoul,2023-07-01,25.54,30.58,21.39,0.05,1.45
Seoul,2023-07-02,24.81,28.64,21.36,0.03,1.09
Seoul,2023-07-03,27.0,31.38,22.13,0.0,1.49
Seoul,2023-07-04,24.76,27.95,22.1,39.92,4.0
Seoul,2023-07-05,23.53,26.39,21.15,6.42,5.7
Seoul,2023-07-06,24.7,28.63,21.38,0.28,4.26
Seoul,2023-07-07,23.34,27.54,20.16,1.77,3.21
Seoul,2023-07-08,24.38,29.14,20.05,1.59,2.7
Seoul,2023-07-09,24.97,27.44,23.08,50.75,3.74
Seoul,2023-07-10,24.65,27.24,22.5,8.49,3.41
Seoul,2023-07-11,23.98,26.5,22.28,16.18,3.22
Seoul,2023-07-12,24.82,27.72,22.14,1.69,1.77
Seoul,2023-07-13,24.97,27.56,22.33,44.12,4.11
Seoul,2023-07-14,24.63,26.55,23.31,17.37,5.87
Seoul,2023-07-15,24.63,27.02,23.19,17.41,3.63
Seoul,2023-07-16,24.19,26.97,21.81,0.71,3.15
Seoul,2023-07-17,23.35,25.95,21.31,4.75,1.8
Seoul,2023-07-18,24.19,26.29,22.27,8.4,1.52
Seoul,2023-07-19,25.54,30.1,20.54,0.01,1.55
Seoul,2023-07-20,25.79,29.27,22.51,0.0,1.33
Seoul,2023-07-21,27.03,31.39,21.08,0.05,1.44
Seoul,2023-07-22,25.57,28.93,22.66,10.89,4.59
Seoul,2023-07-23,25.1,26.76,23.94,62.3,4.09
Seoul,2023-07-24,25.51,28.31,23.23,1.69,1.71
Seoul,2023-07-25,25.42,28.13,22.8,9.6,2.55
Seoul,2023-07-26,26.08,28.87,23.42,8.63,1.97
Seoul,2023-07-27,26.96,30.12,23.14,1.16,1.38
Seoul,2023-07-28,27.66,30.92,23.94,0.19,1.69
Seoul,2023-07-29,27.52,30.92,24.09,1.44,1.83
Seoul,2023-07-30,28.68,32.76,24.55,3.81,1.06
Seoul,2023-07-31,28.12,31.2,25.26,2.62,1.22
Seoul,2023-08-01,28.96,32.41,25.27,0.48,1.07
Seoul,2023-08-02,27.75,30.9,24.5,0.02,1.38
Seoul,2023-08-03,26.57,30.21,22.59,0.12,1.45
Seoul,2023-08-04,27.42,31.1,23.91,0.0,1.15
Seoul,2023-08-05,27.78,31.24,24.55,0.02,1.27
Seoul,2023-08-06,28.69,32.28,24.86,1.77,1.21
Seoul,2023-08-07,28.17,32.54,24.24,0.98,3.25
Seoul,2023-08-08,27.62,32.08,23.38,0.19,3.49
Seoul,2023-08-09,26.55,31.01,23.62,6.38,4.26
Seoul,2023-08-10,23.91,25.28,23.23,53.56,6.89
Seoul,2023-08-11,24.61,25.93,23.39,54.58,6.24
Seoul,2023-08-12,25.18,27.99,22.99,4.46,2.74
Seoul,2023-08-13,26.39,29.54,22.61,0.67,2.02
Seoul,2023-08-14,26.76,30.64,23.24,0.12,1.8
Seoul,2023-08-15,26.52,30.91,23.22,0.16,2.04
Seoul,2023-08-16,26.03,29.88,21.77,0.19,1.43
Seoul,2023-08-17,26.74,30.09,22.71,0.46,1.12
Seoul,2023-08-18,27.15,31.17,22.69,0.56,1.69
Seoul,2023-08-19,27.32,31.29,23.61,0.11,1.14
Seoul,2023-08-20,26.97,29.18,25.04,0.9,0.99
Seoul,2023-08-21,26.87,30.5,22.98,2.19,2.45
Seoul,2023-08-22,26.67,28.89,24.63,13.47,4.16
Seoul,2023-08-23,25.6,26.9,24.14,32.68,2.49
Seoul,2023-08-24,25.66,28.31,23.12,7.73,2.35
Seoul,2023-08-25,25.02,27.92,22.12,1.69,2.76
Seoul,2023-08-26,24.89,27.93,21.96,0.01,1.25
Seoul,2023-08-27,24.1,28.11,20.92,1.66,1.94
Seoul,2023-08-28,23.34,25.63,21.05,17.4,5.09
Seoul,2023-08-29,24.27,26.96,21.64,48.11,4.95
Seoul,2023-08-30,22.94,24.92,21.29,10.6,1.56
Seoul,2023-08-31,23.35,26.31,20.84,1.36,1.3
Seoul,2023-09-01,22.94,27.48,18.62,0.0,1.93
Seoul,2023-09-02,23.36,27.83,17.85,0.0,1.52
Seoul,2023-09-03,24.92,28.94,20.9,2.38,1.63
Seoul,2023-09-04,25.57,28.61,22.88,1.57,1.32
Seoul,2023-09-05,26.24,30.37,22.46,0.88,1.63
Seoul,2023-09-06,24.95,29.5,21.0,0.06,2.87
Seoul,2023-09-07,23.3,28.92,17.98,0.0,2.74
Seoul,2023-09-08,23.12,27.77,17.78,0.0,1.89
Seoul,2023-09-09,23.93,28.56,18.66,0.0,1.24
Seoul,2023-09-10,24.0,28.0,19.43,0.0,1.66
Seoul,2023-09-11,24.5,28.15,21.54,0.0,1.2
Seoul,2023-09-12,24.83,28.2,22.33,0.02,1.03
Seoul,2023-09-13,22.19,24.19,20.35,24.39,2.13
Seoul,2023-09-14,22.55,26.37,19.18,1.09,3.37
Seoul,2023-09-15,22.75,25.52,20.83,5.84,2.63
Seoul,2023-09-16,23.57,25.97,21.33,50.87,1.58
Seoul,2023-09-17,23.59,25.59,22.01,15.12,2.32
Seoul,2023-09-18,23.3,27.01,20.17,1.94,2.12
Seoul,2023-09-19,22.74,26.17,20.05,0.82,2.06
Seoul,2023-09-20,20.88,22.17,18.25,42.65,4.72
Seoul,2023-09-21,18.64,22.24,15.87,1.36,3.63
Seoul,2023-09-22,19.75,24.22,14.69,0.0,1.57
Seoul,2023-09-23,19.85,24.1,15.94,0.21,2.77
Seoul,2023-09-24,19.24,23.88,15.29,0.01,3.43
Seoul,2023-09-25,20.53,24.97,16.25,4.18,2.35
Seoul,2023-09-26,20.37,22.91,18.48,22.77,2.95
Seoul,2023-09-27,21.56,24.98,19.33,2.37,2.01
Seoul,2023-09-28,20.75,24.48,15.81,0.18,2.54
Seoul,2023-09-29,19.58,24.02,15.31,0.0,1.33
Seoul,2023-09-30,19.49,22.63,15.43,3.29,3.02
Seoul,2023-10-01,17.05,21.71,13.15,0.0,3.43
Seoul,2023-10-02,17.37,22.44,11.94,0.0,2.04
Seoul,2023-10-03,16.96,21.21,12.09,0.12,2.02
Seoul,2023-10-04,17.76,21.57,12.74,5.32,3.19
Seoul,2023-10-05,12.91,17.19,8.98,0.6,4.76
Seoul,2023-10-06,14.21,19.27,8.95,0.0,2.48
Seoul,2023-10-07,15.05,19.74,10.32,0.0,2.49
Seoul,2023-10-08,15.99,20.76,12.42,0.43,3.09
Seoul,2023-10-09,15.64,20.28,11.88,2.4,1.95
Seoul,2023-10-10,16.2,21.33,11.41,0.11,1.84
Seoul,2023-10-11,15.93,21.66,9.77,0.01,1.77
Seoul,2023-10-12,16.59,21.73,11.34,0.0,1.36
Seoul,2023-10-13,16.29,20.09,13.1,0.01,1.33
Seoul,2023-10-14,15.79,18.47,13.98,3.4,1.0
Seoul,2023-10-15,15.14,19.16,11.16,0.12,2.82
Seoul,2023-10-16,12.64,17.27,9.34,0.0,2.62
Seoul,2023-10-17,13.55,18.24,8.43,0.0,1.66
Seoul,2023-10-18,14.53,19.23,10.24,0.02,2.6
Seoul,2023-10-19,16.0,19.35,12.94,14.66,3.01
Seoul,2023-10-20,10.49,13.7,6.14,0.02,5.38
Seoul,2023-10-21,9.87,14.52,5.84,0.73,3.79
Seoul,2023-10-22,12.55,17.38,7.47,0.0,2.27
Seoul,2023-10-23,15.26,18.88,12.49,0.01,2.02
Seoul,2023-10-24,14.32,18.33,11.2,0.67,2.25
Seoul,2023-10-25,15.73,19.77,12.98,0.13,1.65
Seoul,2023-10-26,15.45,19.47,11.64,5.38,2.52
Seoul,2023-10-27,13.04,17.49,7.85,0.81,2.59
Seoul,2023-10-28,13.44,18.43,9.39,0.0,1.23
Seoul,2023-10-29,13.57,19.1,6.97,0.0,1.68
Seoul,2023-10-30,14.1,18.94,9.53,0.0,1.5
Seoul,2023-10-31,14.41,18.78,9.95,0.03,2.55
Seoul,2023-11-01,16.29,21.33,12.84,0.21,4.04
Seoul,2023-11-02,17.0,21.92,13.87,0.14,4.17
Seoul,2023-11-03,16.86,20.97,14.25,3.56,3.43
Seoul,2023-11-04,15.4,19.19,12.69,4.63,2.65
Seoul,2023-11-05,17.19,19.74,14.08,32.75,5.85
Seoul,2023-11-06,14.14,20.0,6.23,30.58,9.71
Seoul,2023-11-07,4.76,8.09,2.25,0.21,4.91
Seoul,2023-11-08,7.68,13.53,1.54,0.0,1.57
Seoul,2023-11-09,9.99,16.74,4.73,4.34,4.65
Seoul,2023-11-10,2.22,5.65,-1.34,0.16,6.34
Seoul,2023-11-11,0.64,5.18,-2.39,0.0,3.77
Seoul,2023-11-12,0.42,4.26,-2.32,0.02,3.57
Seoul,2023-11-13,1.07,5.65,-2.03,0.0,3.61
Seoul,2023-11-14,4.66,9.21,0.01,0.01,1.99
Seoul,2023-11-15,7.11,10.94,3.58,0.01,1.29
Seoul,2023-11-16,5.89,7.34,3.6,11.35,2.86
Seoul,2023-11-17,1.04,4.66,-1.95,2.14,4.29
Seoul,2023-11-18,0.46,4.92,-3.16,0.01,6.02
Seoul,2023-11-19,6.75,13.7,1.49,0.0,4.0
Seoul,2023-11-20,4.93,9.96,-0.1,0.0,1.64
Seoul,2023-11-21,7.3,11.67,3.22,0.0,1.37
Seoul,2023-11-22,7.91,12.59,1.41,0.03,2.76
Seoul,2023-11-23,7.76,12.85,-0.29,0.16,4.82
Seoul,2023-11-24,-2.2,0.54,-3.98,0.01,5.95
Seoul,2023-11-25,-2.2,0.79,-4.46,0.0,2.77
Seoul,2023-11-26,1.89,5.32,-1.33,0.76,1.42
Seoul,2023-11-27,5.02,9.5,1.46,4.72,3.84
Seoul,2023-11-28,-0.4,2.58,-2.69,0.16,4.67
Seoul,2023-11-29,-0.91,3.23,-4.34,1.01,3.47
Seoul,2023-11-30,-3.97,-1.29,-6.48,0.17,5.04
Seoul,2023-12-01,-2.79,0.5,-5.75,0.09,3.57
Seoul,2023-12-02,1.84,6.46,-2.41,0.22,3.39
Seoul,2023-12-03,-0.32,2.65,-3.7,0.0,2.04
Seoul,2023-12-04,2.66,6.3,-0.53,0.03,1.62
Seoul,2023-12-05,4.09,9.1,0.99,0.06,2.11
Seoul,2023-12-06,4.26,7.99,1.64,3.31,4.02
Seoul,2023-12-07,4.29,10.12,-0.99,0.13,3.64
Seoul,2023-12-08,7.79,14.77,2.36,0.03,5.3
Seoul,2023-12-09,9.99,14.71,6.36,0.31,2.15
Seoul,2023-12-10,9.06,13.87,4.61,0.65,3.17
Seoul,2023-12-11,7.16,9.21,3.78,24.16,6.05
Seoul,2023-12-12,3.36,7.27,0.37,0.23,3.77
Seoul,2023-12-13,5.45,10.74,0.07,0.81,1.93
Seoul,2023-12-14,6.26,8.58,4.34,26.45,4.93
Seoul,2023-12-15,3.74,5.09,1.97,22.87,4.74
Seoul,2023-12-16,-4.08,2.22,-9.01,2.01,8.62
Seoul,2023-12-17,-9.15,-7.41,-10.56,0.25,5.44
Seoul,2023-12-18,-8.14,-4.42,-11.93,0.08,2.53
Seoul,2023-12-19,-4.07,-0.97,-8.1,0.93,1.62
Seoul,2023-12-20,-7.79,-4.94,-9.72,0.3,6.05
Seoul,2023-12-21,-10.62,-7.76,-12.88,0.37,5.9
Seoul,2023-12-22,-11.65,-8.23,-14.66,0.07,4.63
Seoul,2023-12-23,-7.39,-3.38,-11.68,0.3,1.42
Seoul,2023-12-24,-3.05,-0.68,-5.54,1.49,1.12
Seoul,2023-12-25,-0.8,1.62,-2.25,0.51,2.56
Seoul,2023-12-26,0.99,5.49,-1.78,0.0,2.75
Seoul,2023-12-27,0.77,5.15,-2.74,0.0,1.1
Seoul,2023-12-28,0.57,3.24,-1.39,0.0,1.25
Seoul,2023-12-29,1.03,3.52,-1.98,0.01,0.98
Seoul,2023-12-30,0.89,1.83,0.01,8.45,2.39
Seoul,2023-12-31,2.02,4.79,-0.53,3.44,3.11
Seoul,2024-01-01,1.72,5.59,-1.04,0.39,1.83
Seoul,2024-01-02,1.89,3.77,0.86,0.07,1.65
Seoul,2024-01-03,1.12,4.24,-2.33,0.44,2.19
Seoul,2024-01-04,0.96,4.96,-2.4,0.0,2.67
Seoul,2024-01-05,2.32,6.78,-2.28,0.01,2.95
Seoul,2024-01-06,-0.51,3.16,-3.09,0.78,2.87
Seoul,2024-01-07,-5.1,-2.57,-9.41,0.0,5.58
Seoul,2024-01-08,-5.7,-2.05,-10.82,0.03,1.34
Seoul,2024-01-09,-0.61,1.85,-2.19,2.32,1.98
Seoul,2024-01-10,-1.97,2.92,-5.99,0.1,1.59
Seoul,2024-01-11,0.49,4.76,-3.39,0.0,2.99
Seoul,2024-01-12,-1.05,2.88,-4.09,0.0,2.73
Seoul,2024-01-13,-1.42,2.79,-5.78,0.0,1.91
Seoul,2024-01-14,-1.77,3.36,-6.97,4.5,4.09
Seoul,2024-01-15,-5.93,-0.73,-9.89,0.0,4.31
Seoul,2024-01-16,-3.34,1.24,-8.52,0.0,1.2
Seoul,2024-01-17,0.48,2.25,-0.9,8.89,1.52
Seoul,2024-01-18,1.51,6.79,-1.7,0.88,3.12
Seoul,2024-01-19,2.12,7.43,-0.66,0.07,3.87
Seoul,2024-01-20,1.45,3.48,-0.34,4.66,5.12
Seoul,2024-01-21,0.26,5.31,-4.91,1.24,4.41
Seoul,2024-01-22,-8.72,-5.6,-13.15,0.21,7.84
Seoul,2024-01-23,-11.87,-8.98,-14.48,0.11,7.34
Seoul,2024-01-24,-8.98,-4.82,-12.16,0.01,6.09
Seoul,2024-01-25,-6.86,-1.59,-11.68,0.0,3.8
Seoul,2024-01-26,-2.78,2.07,-7.04,0.0,1.85
Seoul,2024-01-27,-1.74,2.71,-6.16,0.0,2.02
Seoul,2024-01-28,-1.99,1.13,-4.58,0.0,2.0
Seoul,2024-01-29,-1.33,2.61,-5.51,0.0,1.43
Seoul,2024-01-30,0.33,5.09,-5.23,0.0,1.49
Seoul,2024-01-31,1.8,6.96,-1.56,0.0,1.88
Seoul,2024-02-01,0.4,5.91,-2.87,0.68,3.46
Seoul,2024-02-02,1.11,4.69,-0.96,0.15,2.12
Seoul,2024-02-03,2.29,6.3,-1.19,0.21,2.06
Seoul,2024-02-04,3.66,8.12,0.97,0.14,2.36
Seoul,2024-02-05,1.32,4.1,-1.33,9.92,5.24
Seoul,2024-02-06,-0.13,3.41,-2.24,0.81,2.25
Seoul,2024-02-07,-0.71,2.1,-2.66,0.01,1.33
Seoul,2024-02-08,0.06,3.73,-1.92,0.0,1.49
Seoul,2024-02-09,0.01,3.82,-2.28,0.0,2.14
Seoul,2024-02-10,0.53,4.56,-2.15,0.0,2.54
Seoul,2024-02-11,-0.03,3.73,-2.42,0.01,2.92
Seoul,2024-02-12,1.38,6.67,-2.88,0.0,2.45
Seoul,2024-02-13,4.45,11.04,-0.06,0.0,4.22
Seoul,2024-02-14,7.68,13.86,2.87,0.43,2.94
Seoul,2024-02-15,1.69,4.46,-2.41,9.21,3.66
Seoul,2024-02-16,0.88,5.32,-2.97,0.01,1.76
Seoul,2024-02-17,2.53,7.53,-2.44,0.0,1.95
Seoul,2024-02-18,5.61,10.51,-0.29,14.37,3.32
Seoul,2024-02-19,7.4,13.08,-0.39,10.94,4.4
Seoul,2024-02-20,3.04,7.52,-0.59,4.4,3.65
Seoul,2024-02-21,1.87,4.18,0.08,15.58,5.67
Seoul,2024-02-22,0.04,2.91,-2.03,3.96,5.25
Seoul,2024-02-23,0.23,4.59,-2.38,0.06,4.18
Seoul,2024-02-24,0.51,4.45,-3.11,2.38,3.34
Seoul,2024-02-25,1.25,4.8,-1.7,1.31,2.37
Seoul,2024-02-26,1.43,6.59,-2.54,0.07,2.15
Seoul,2024-02-27,2.03,6.23,-1.17,0.09,3.39
Seoul,2024-02-28,3.1,6.49,-0.81,0.1,1.89
Seoul,2024-02-29,2.71,6.65,-2.41,0.07,3.25
Seoul,2024-03-01,-4.36,-1.85,-6.01,0.0,7.21
Seoul,2024-03-02,-0.04,3.59,-5.08,0.11,5.19
Seoul,2024-03-03,2.37,6.46,-2.07,0.27,2.99
Seoul,2024-03-04,3.31,9.49,-2.13,0.0,1.28
Seoul,2024-03-05,4.39,8.33,1.37,0.49,3.2
Seoul,2024-03-06,3.36,7.22,0.09,0.4,3.22
Seoul,2024-03-07,2.28,5.69,-1.23,0.42,3.76
Seoul,2024-03-08,0.81,4.65,-2.64,0.0,5.16
Seoul,2024-03-09,0.28,5.17,-3.47,0.0,2.8
Seoul,2024-03-10,2.53,7.8,-1.78,0.0,1.68
Seoul,2024-03-11,3.66,7.15,0.07,0.01,2.1
Seoul,2024-03-12,4.62,8.13,0.64,0.86,1.8
Seoul,2024-03-13,3.47,9.5,-1.03,0.13,3.05
Seoul,2024-03-14,5.0,11.44,1.3,0.03,2.15
Seoul,2024-03-15,5.65,11.77,2.41,0.06,3.39
Seoul,2024-03-16,7.41,13.71,1.69,0.04,1.61
Seoul,2024-03-17,5.78,9.61,-0.88,0.13,5.82
Seoul,2024-03-18,4.01,9.72,-1.87,0.0,2.13
Seoul,2024-03-19,4.92,9.62,1.54,1.26,5.88
Seoul,2024-03-20,2.23,6.07,-1.65,1.51,4.86
Seoul,2024-03-21,3.41,8.55,-1.6,0.0,1.93
Seoul,2024-03-22,7.71,13.13,1.54,4.37,5.68
Seoul,2024-03-23,9.62,14.8,6.15,0.69,1.98
Seoul,2024-03-24,11.08,17.8,5.93,0.0,3.03
Seoul,2024-03-25,8.28,13.39,4.92,4.87,4.41
Seoul,2024-03-26,6.05,10.76,2.02,10.85,3.06
Seoul,2024-03-27,7.91,13.04,2.6,0.0,1.85
Seoul,2024-03-28,8.69,10.92,5.99,6.0,2.43
Seoul,2024-03-29,6.04,11.22,2.17,1.87,4.94
Seoul,2024-03-30,6.68,13.87,1.45,0.0,2.83
Seoul,2024-03-31,7.4,14.35,1.33,0.0,2.27
Seoul,2024-04-01,8.67,14.76,1.87,0.0,1.97
Seoul,2024-04-02,12.28,18.95,5.15,0.0,1.78
Seoul,2024-04-03,11.8,14.77,9.54,3.56,2.47
Seoul,2024-04-04,11.13,14.94,8.44,0.02,3.48
Seoul,2024-04-05,9.88,14.97,6.83,0.15,3.58
Seoul,2024-04-06,9.4,13.05,6.45,0.0,1.35
Seoul,2024-04-07,11.5,18.32,5.7,0.0,1.49
Seoul,2024-04-08,12.11,15.65,9.13,0.0,1.45
Seoul,2024-04-09,10.54,16.61,5.8,0.0,4.25
Seoul,2024-04-10,10.45,14.84,5.41,0.0,3.16
Seoul,2024-04-11,12.76,18.73,9.36,0.02,1.18
Seoul,2024-04-12,13.85,19.79,8.45,0.05,1.64
Seoul,2024-04-13,15.37,22.72,8.29,0.05,1.75
Seoul,2024-04-14,17.55,24.62,10.79,0.0,1.62
Seoul,2024-04-15,13.68,17.0,9.83,26.77,4.04
Seoul,2024-04-16,11.63,16.19,8.61,1.63,2.96
Seoul,2024-04-17,12.66,18.73,7.2,0.0,1.51
Seoul,2024-04-18,14.22,21.79,8.63,0.0,1.99
Seoul,2024-04-19,13.74,19.5,7.16,0.02,2.07
Seoul,2024-04-20,13.72,17.02,11.89,6.61,3.53
Seoul,2024-04-21,14.22,17.1,11.0,1.48,4.06
Seoul,2024-04-22,15.58,20.99,10.94,0.23,2.96
Seoul,2024-04-23,14.35,20.31,9.49,3.42,3.52
Seoul,2024-04-24,12.05,15.45,8.64,8.65,3.22
Seoul,2024-04-25,12.83,17.81,8.23,0.07,1.68
Seoul,2024-04-26,15.16,22.79,9.4,0.0,1.46
Seoul,2024-04-27,15.14,21.29,9.01,0.0,1.76
Seoul,2024-04-28,17.63,24.57,10.67,0.0,1.27
Seoul,2024-04-29,16.01,20.77,12.35,0.05,3.35
Seoul,2024-04-30,15.4,19.88,11.26,0.01,1.87
Seoul,2024-05-01,15.12,19.47,11.45,0.01,2.52
Seoul,2024-05-02,14.87,20.43,8.78,0.0,2.51
Seoul,2024-05-03,16.2,23.33,9.57,0.01,1.74
Seoul,2024-05-04,17.55,23.43,10.24,0.57,1.72
Seoul,2024-05-05,17.15,19.46,14.05,38.71,5.05
Seoul,2024-05-06,14.0,15.3,13.07,6.27,5.33
Seoul,2024-05-07,13.45,17.14,9.74,6.85,4.1
Seoul,2024-05-08,13.32,18.26,8.05,0.58,2.38
Seoul,2024-05-09,13.82,18.96,9.81,0.09,3.54
Seoul,2024-05-10,14.67,20.51,9.77,0.11,3.58
Seoul,2024-05-11,15.57,20.81,10.83,23.35,5.69
Seoul,2024-05-12,14.75,19.88,9.37,1.11,3.19
Seoul,2024-05-13,15.49,21.7,10.01,0.0,2.07
Seoul,2024-05-14,15.25,21.34,8.96,0.07,2.68
Seoul,2024-05-15,11.77,18.36,6.62,25.12,4.57
Seoul,2024-05-16,12.77,18.02,7.72,0.78,3.83
Seoul,2024-05-17,15.12,20.8,9.21,0.71,3.05
Seoul,2024-05-18,17.48,22.71,11.38,0.0,2.62
Seoul,2024-05-19,18.84,25.53,13.91,0.19,1.33
Seoul,2024-05-20,17.19,21.28,13.58,1.81,1.72
Seoul,2024-05-21,19.38,25.23,13.7,1.17,1.49
Seoul,2024-05-22,17.56,22.28,12.85,0.01,1.93
Seoul,2024-05-23,17.33,22.3,13.31,0.01,2.14
Seoul,2024-05-24,18.89,24.05,14.07,0.02,1.19
Seoul,2024-05-25,17.96,22.22,14.53,0.04,2.78
Seoul,2024-05-26,17.4,20.28,14.28,17.23,4.4
Seoul,2024-05-27,16.77,20.85,12.66,0.03,4.49
Seoul,2024-05-28,18.34,22.45,12.27,0.0,2.57
Seoul,2024-05-29,18.78,23.8,14.02,0.0,1.73
Seoul,2024-05-30,19.63,23.79,14.66,0.0,1.43
Seoul,2024-05-31,18.35,22.25,15.41,1.55,2.43
Seoul,2024-06-01,18.54,22.83,14.29,0.38,3.42
Seoul,2024-06-02,18.36,23.34,12.2,0.66,2.23
Seoul,2024-06-03,18.99,24.6,13.31,0.02,2.64
Seoul,2024-06-04,19.57,25.96,12.51,0.0,2.04
Seoul,2024-06-05,20.84,26.54,15.02,0.0,1.36
Seoul,2024-06-06,20.63,26.57,16.5,0.0,1.28
Seoul,2024-06-07,20.02,24.16,16.06,2.59,1.06
Seoul,2024-06-08,19.73,23.25,16.85,8.45,2.24
Seoul,2024-06-09,20.68,25.03,16.45,0.16,1.4
Seoul,2024-06-10,21.64,26.71,16.9,0.09,2.58
Seoul,2024-06-11,21.98,26.57,18.27,0.0,2.23
Seoul,2024-06-12,22.37,28.48,16.73,0.0,1.53
Seoul,2024-06-13,23.7,28.88,17.95,0.0,1.15
Seoul,2024-06-14,23.55,28.65,19.27,0.12,1.7
Seoul,2024-06-15,22.12,25.14,18.89,5.94,1.96
Seoul,2024-06-16,21.48,26.97,16.64,0.14,2.94
Seoul,2024-06-17,21.46,26.37,17.05,0.09,2.25
Seoul,2024-06-18,22.53,27.37,17.82,0.21,2.14
Seoul,2024-06-19,25.59,31.43,18.71,0.19,0.95
Seoul,2024-06-20,25.42,31.02,20.63,0.01,1.74
Seoul,2024-06-21,24.6,28.61,20.39,0.01,1.24
Seoul,2024-06-22,23.2,25.08,21.17,31.82,2.62
Seoul,2024-06-23,23.85,27.46,21.05,5.58,2.56
Seoul,2024-06-24,23.04,26.46,18.88,2.37,3.61
Seoul,2024-06-25,21.3,25.05,17.28,0.04,3.74
Seoul,2024-06-26,22.85,27.68,18.02,0.01,1.3
Seoul,2024-06-27,24.2,28.46,19.33,0.0,0.97
Seoul,2024-06-28,24.34,29.15,20.24,0.0,1.27
Seoul,2024-06-29,24.6,28.63,20.41,20.3,2.94
Seoul,2024-06-30,23.78,27.06,20.83,11.68,5.36
Seoul,2024-07-01,24.39,28.07,20.5,0.8,1.49
Seoul,2024-07-02,23.85,25.57,21.81,74.78,5.0
Seoul,2024-07-03,23.88,26.01,21.75,2.49,5.39
Seoul,2024-07-04,24.94,28.6,21.13,6.78,3.84
Seoul,2024-07-05,23.29,25.53,21.45,2.21,4.58
Seoul,2024-07-06,24.89,29.31,21.15,7.8,5.28
Seoul,2024-07-07,23.68,26.52,20.93,14.94,2.8
Seoul,2024-07-08,24.01,25.81,22.5,40.53,2.3
Seoul,2024-07-09,23.75,25.3,22.31,79.39,1.83
Seoul,2024-07-10,24.96,29.61,21.19,6.88,3.51
Seoul,2024-07-11,24.68,28.04,21.17,2.47,1.61
Seoul,2024-07-12,25.42,29.73,20.9,0.64,1.02
Seoul,2024-07-13,26.18,29.77,22.59,5.23,2.03
Seoul,2024-07-14,25.62,29.47,22.44,2.92,3.24
Seoul,2024-07-15,25.31,29.18,21.22,5.38,2.35
Seoul,2024-07-16,25.18,28.62,22.59,41.78,3.21
Seoul,2024-07-17,26.11,28.35,24.11,22.34,5.52
Seoul,2024-07-18,25.31,26.55,23.6,94.01,4.2
Seoul,2024-07-19,25.17,28.32,22.69,0.77,2.26
Seoul,2024-07-20,25.69,27.6,23.36,16.88,4.56
Seoul,2024-07-21,26.03,28.95,23.63,5.51,4.98
Seoul,2024-07-22,26.36,27.9,25.19,27.86,5.33
Seoul,2024-07-23,26.02,27.75,24.85,27.8,4.86
Seoul,2024-07-24,26.57,29.16,24.69,43.25,3.0
Seoul,2024-07-25,27.77,30.9,24.17,6.79,1.34
Seoul,2024-07-26,27.85,30.32,25.69,19.24,2.7
Seoul,2024-07-27,27.42,29.14,25.73,10.38,2.89
Seoul,2024-07-28,27.73,30.05,25.82,1.02,4.87
Seoul,2024-07-29,26.86,28.67,25.46,2.05,4.89
Seoul,2024-07-30,27.15,29.6,25.13,0.93,3.24
Seoul,2024-07-31,27.74,30.95,24.56,0.25,2.84
Seoul,2024-08-01,28.05,30.61,25.7,1.12,2.89
Seoul,2024-08-02,27.58,29.18,25.66,4.42,2.58
Seoul,2024-08-03,28.43,31.56,25.1,0.09,1.52
Seoul,2024-08-04,29.85,33.31,25.58,0.87,0.92
Seoul,2024-08-05,28.25,31.55,25.85,9.55,1.71
Seoul,2024-08-06,28.09,30.29,25.41,13.74,1.07
Seoul,2024-08-07,28.38,31.27,25.72,3.7,1.42
Seoul,2024-08-08,26.95,28.36,25.22,4.66,1.18
Seoul,2024-08-09,28.1,31.89,24.42,0.09,0.91
Seoul,2024-08-10,28.21,31.69,25.0,0.39,1.87
Seoul,2024-08-11,28.54,31.59,25.3,1.61,2.56
Seoul,2024-08-12,28.61,32.26,25.19,5.03,1.8
Seoul,2024-08-13,29.13,33.26,25.84,2.71,1.41
Seoul,2024-08-14,29.22,33.56,25.33,2.57,1.68
Seoul,2024-08-15,28.56,31.99,24.87,1.54,1.83
Seoul,2024-08-16,28.78,32.7,24.86,0.91,1.66
Seoul,2024-08-17,28.81,31.9,25.09,2.75,1.34
Seoul,2024-08-18,28.74,31.66,25.22,7.8,1.89
Seoul,2024-08-19,28.59,31.81,24.69,3.19,2.03
Seoul,2024-08-20,29.28,33.01,25.98,7.92,2.33
Seoul,2024-08-21,27.97,29.13,27.03,31.52,5.0
Seoul,2024-08-22,27.96,30.28,25.74,9.21,5.27
Seoul,2024-08-23,27.1,29.78,25.05,2.08,3.05
Seoul,2024-08-24,27.63,30.33,25.12,0.51,1.13
Seoul,2024-08-25,27.72,31.01,24.27,1.39,1.12
Seoul,2024-08-26,27.17,30.72,24.51,1.32,1.78
Seoul,2024-08-27,26.05,28.82,23.55,2.2,2.55
Seoul,2024-08-28,25.97,30.57,21.65,0.12,3.31
Seoul,2024-08-29,25.53,30.3,21.82,2.34,3.76
Seoul,2024-08-30,25.69,30.19,21.72,0.3,2.8
Seoul,2024-08-31,25.73,30.19,20.6,0.0,1.36
Seoul,2024-09-01,25.35,28.76,22.12,0.1,2.13
Seoul,2024-09-02,24.29,27.05,21.98,11.71,3.0
Seoul,2024-09-03,24.6,28.99,21.06,1.99,3.33
Seoul,2024-09-04,24.61,29.11,19.56,0.22,2.3
Seoul,2024-09-05,25.47,28.74,22.45,2.86,3.24
Seoul,2024-09-06,25.09,27.88,22.96,2.95,2.64
Seoul,2024-09-07,24.89,28.76,21.72,0.3,1.98
Seoul,2024-09-08,25.67,29.15,22.39,0.03,1.03
Seoul,2024-09-09,26.94,30.66,22.59,0.03,1.53
Seoul,2024-09-10,27.19,31.3,23.34,0.07,1.9
Seoul,2024-09-11,27.5,31.62,23.71,8.25,1.97
Seoul,2024-09-12,24.94,27.81,23.27,14.25,3.09
Seoul,2024-09-13,25.97,28.39,23.6,11.68,2.51
Seoul,2024-09-14,26.75,28.94,24.53,3.18,1.73
Seoul,2024-09-15,25.56,29.81,21.43,4.48,3.96
Seoul,2024-09-16,25.23,29.56,21.46,8.57,2.48
Seoul,2024-09-17,27.32,31.65,24.21,1.08,1.54
Seoul,2024-09-18,27.82,30.23,25.21,5.84,1.08
Seoul,2024-09-19,28.23,30.81,25.67,5.21,1.06
Seoul,2024-09-20,25.92,28.22,21.55,68.09,2.94
Seoul,2024-09-21,19.62,23.04,17.54,35.01,7.16
Seoul,2024-09-22,19.56,24.14,16.39,3.59,4.79
Seoul,2024-09-23,18.76,23.8,14.87,0.23,3.46
Seoul,2024-09-24,18.86,24.26,12.78,0.0,2.42
Seoul,2024-09-25,21.34,25.11,16.89,0.92,1.98
Seoul,2024-09-26,22.73,26.4,19.82,1.32,1.33
Seoul,2024-09-27,21.17,24.97,18.2,2.83,2.52
Seoul,2024-09-28,21.11,26.18,17.31,2.66,4.09
Seoul,2024-09-29,21.27,26.39,16.84,0.03,3.01
Seoul,2024-09-30,20.92,25.66,15.92,0.01,2.04
Seoul,2024-10-01,17.88,20.55,12.68,3.17,4.29
Seoul,2024-10-02,13.8,18.35,9.95,0.01,3.39
Seoul,2024-10-03,15.89,20.77,11.17,1.46,2.1
Seoul,2024-10-04,16.53,21.17,11.81,0.0,1.63
Seoul,2024-10-05,16.65,20.03,13.89,0.0,1.45
Seoul,2024-10-06,16.63,19.42,12.79,0.13,1.16
Seoul,2024-10-07,17.09,20.79,14.04,0.21,1.84
Seoul,2024-10-08,17.19,21.22,13.37,0.93,1.8
Seoul,2024-10-09,17.55,21.81,13.03,0.34,2.59
Seoul,2024-10-10,17.73,21.11,14.42,0.8,2.31
Seoul,2024-10-11,17.78,22.04,14.5,0.0,1.29
Seoul,2024-10-12,17.22,21.83,13.31,0.0,1.53
Seoul,2024-10-13,16.69,21.19,11.42,0.01,2.49
Seoul,2024-10-14,17.57,21.23,15.64,3.91,2.62
Seoul,2024-10-15,18.27,21.75,14.82,5.24,1.69
Seoul,2024-10-16,16.66,22.16,11.83,0.18,1.57
Seoul,2024-10-17,17.98,23.34,14.04,0.66,1.74
Seoul,2024-10-18,16.92,19.5,14.48,57.15,3.02
Seoul,2024-10-19,14.67,17.99,9.59,5.88,5.51
Seoul,2024-10-20,11.56,16.65,7.58,0.05,4.49
Seoul,2024-10-21,14.54,19.19,8.9,2.18,2.2
Seoul,2024-10-22,16.19,18.68,14.33,25.4,3.5
Seoul,2024-10-23,12.13,15.35,8.08,0.8,6.02
Seoul,2024-10-24,11.36,16.99,6.14,0.0,2.65
Seoul,2024-10-25,14.24,20.33,7.63,0.02,2.08
Seoul,2024-10-26,16.5,21.68,11.51,0.01,2.4
Seoul,2024-10-27,15.32,18.56,12.38,0.27,2.35
Seoul,2024-10-28,14.4,18.86,11.43,1.04,3.28
Seoul,2024-10-29,14.31,16.89,10.63,0.11,2.34
Seoul,2024-10-30,14.56,19.16,10.91,0.0,1.85
Seoul,2024-10-31,14.71,20.37,9.85,0.0,1.66
Seoul,2024-11-01,13.62,16.5,11.78,0.16,1.74
Seoul,2024-11-02,15.77,21.3,12.28,0.1,3.24
Seoul,2024-11-03,15.25,20.51,10.32,0.78,3.21
Seoul,2024-11-04,13.0,16.5,7.18,0.5,4.04
Seoul,2024-11-05,7.9,11.62,4.71,4.32,3.88
Seoul,2024-11-06,5.89,10.25,3.07,0.0,3.49
Seoul,2024-11-07,7.12,13.31,2.51,0.0,1.37
Seoul,2024-11-08,9.44,15.42,4.15,0.0,1.73
Seoul,2024-11-09,12.28,17.83,7.06,0.0,1.6
Seoul,2024-11-10,12.78,18.27,9.29,0.0,1.81
Seoul,2024-11-11,12.68,18.77,7.72,0.29,1.58
Seoul,2024-11-12,11.32,16.59,7.34,0.0,2.63
Seoul,2024-11-13,12.25,17.76,6.91,0.02,1.87
Seoul,2024-11-14,13.12,17.17,8.84,1.47,2.13
Seoul,2024-11-15,14.17,18.91,10.5,1.95,2.02
Seoul,2024-11-16,14.19,18.76,10.13,4.05,3.43
Seoul,2024-11-17,5.72,9.31,0.99,0.01,6.67
Seoul,2024-11-18,1.51,6.03,-1.94,0.0,4.26
Seoul,2024-11-19,3.99,9.18,0.14,0.0,1.9
Seoul,2024-11-20,6.07,10.39,0.96,1.14,1.48
Seoul,2024-11-21,9.01,12.53,4.88,0.7,2.47
Seoul,2024-11-22,4.25,8.65,1.33,0.0,3.9
Seoul,2024-11-23,4.96,10.31,0.94,0.19,2.34
Seoul,2024-11-24,5.85,11.32,1.46,0.0,1.47
Seoul,2024-11-25,8.06,13.47,2.0,4.07,3.8
Seoul,2024-11-26,6.46,9.74,2.59,20.4,6.11
Seoul,2024-11-27,1.15,4.0,-0.99,16.47,5.04
Seoul,2024-11-28,1.31,3.36,-2.85,6.69,4.34
Seoul,2024-11-29,-0.54,3.43,-4.36,0.93,2.36
Seoul,2024-11-30,4.0,10.03,-1.38,0.23,2.93
Seoul,2024-12-01,5.23,9.24,1.47,0.76,2.54
Seoul,2024-12-02,5.49,11.36,-2.24,0.57,4.63
Seoul,2024-12-03,-0.3,3.17,-3.61,0.32,3.55
Seoul,2024-12-04,0.82,4.91,-2.75,0.01,2.91
Seoul,2024-12-05,2.48,7.38,-0.78,1.81,3.16
Seoul,2024-12-06,0.36,3.76,-2.45,0.03,4.04
Seoul,2024-12-07,-0.86,2.28,-3.05,0.04,4.0
Seoul,2024-12-08,-1.97,1.87,-4.97,0.01,3.66
Seoul,2024-12-09,0.24,4.71,-3.24,0.0,1.74
Seoul,2024-12-10,0.69,5.45,-3.06,0.0,2.43
Seoul,2024-12-11,1.1,4.83,-1.29,0.85,2.83
Seoul,2024-12-12,-0.66,3.22,-3.43,0.0,3.01
Seoul,2024-12-13,-1.02,1.81,-3.29,0.13,2.88
Seoul,2024-12-14,-1.85,1.26,-5.26,0.03,3.7
Seoul,2024-12-15,-0.3,4.19,-2.81,0.18,3.73
Seoul,2024-12-16,-0.34,3.85,-3.1,0.15,2.07
Seoul,2024-12-17,-1.74,2.0,-4.76,0.01,3.3
Seoul,2024-12-18,-4.5,-1.03,-7.56,0.35,2.98
Seoul,2024-12-19,-2.29,1.26,-6.71,0.04,1.02
Seoul,2024-12-20,1.08,3.33,-0.79,0.27,1.55
Seoul,2024-12-21,-1.38,1.2,-6.08,2.24,5.92
Seoul,2024-12-22,-4.49,-0.4,-7.86,0.0,4.25
Seoul,2024-12-23,-1.13,4.8,-5.54,0.0,2.5
Seoul,2024-12-24,-1.78,1.65,-6.54,0.0,1.85
Seoul,2024-12-25,1.86,4.42,-0.16,0.09,1.99
Seoul,2024-12-26,-1.63,2.46,-5.22,0.01,5.86
Seoul,2024-12-27,-4.01,0.23,-8.25,0.03,4.04
Seoul,2024-12-28,-4.42,-0.89,-8.42,0.02,3.72
Seoul,2024-12-29,-0.29,3.84,-4.18,0.01,1.64
Seoul,2024-12-30,3.62,7.84,-0.12,0.01,3.63
Seoul,2024-12-31,-1.01,1.92,-2.66,0.01,3.85
Seoul,2025-01-01,1.21,6.34,-2.23,0.0,2.4
Seoul,2025-01-02,-1.41,3.63,-4.29,0.0,2.64
Seoul,2025-01-03,-2.83,1.36,-7.24,0.05,2.97
Seoul,2025-01-04,-1.72,2.82,-5.91,0.02,1.74
Seoul,2025-01-05,1.44,3.41,-1.25,4.91,3.5
Seoul,2025-01-06,0.06,2.5,-4.06,0.23,4.67
Seoul,2025-01-07,-3.38,-0.39,-5.83,0.24,3.93
Seoul,2025-01-08,-4.48,-1.06,-8.26,0.43,4.13
Seoul,2025-01-09,-10.56,-8.98,-12.24,0.51,6.64
Seoul,2025-01-10,-8.13,-3.87,-12.59,0.24,3.24
Seoul,2025-01-11,-5.53,-1.64,-9.2,0.17,1.57
Seoul,2025-01-12,-4.07,0.07,-7.65,0.01,1.85
Seoul,2025-01-13,-0.33,3.6,-4.26,0.23,2.37
Seoul,2025-01-14,1.28,5.06,-2.43,0.39,3.06
Seoul,2025-01-15,-4.93,-2.19,-7.07,0.0,4.82
Seoul,2025-01-16,-1.69,2.85,-5.76,0.04,3.08
Seoul,2025-01-17,-2.26,2.68,-7.07,0.0,1.55
Seoul,2025-01-18,0.27,4.29,-3.58,0.0,1.24
Seoul,2025-01-19,1.09,4.99,-1.98,0.0,2.03
Seoul,2025-01-20,1.93,4.27,0.73,0.0,1.12
Seoul,2025-01-21,1.63,5.06,-0.61,0.07,1.34
Seoul,2025-01-22,1.23,4.74,-1.51,0.04,1.73
Seoul,2025-01-23,-0.14,4.53,-3.19,0.0,1.88
Seoul,2025-01-24,0.71,6.4,-3.38,0.18,2.07
Seoul,2025-01-25,1.68,6.61,-0.92,1.15,3.17
Seoul,2025-01-26,1.29,3.74,-0.86,1.95,2.66
Seoul,2025-01-27,-0.62,0.86,-2.85,5.75,6.08
Seoul,2025-01-28,-3.85,-2.91,-5.93,2.41,7.77
Seoul,2025-01-29,-5.97,-2.23,-8.63,0.12,5.54
Seoul,2025-01-30,-6.12,-2.22,-10.73,0.01,2.48
Seoul,2025-01-31,-2.42,0.05,-6.05,1.18,1.81
Seoul,2025-02-01,-0.2,4.21,-2.77,0.01,2.24
Seoul,2025-02-02,-0.81,3.7,-4.61,0.02,2.24
Seoul,2025-02-03,-5.89,-2.85,-10.12,0.05,7.27
Seoul,2025-02-04,-9.82,-6.36,-12.8,0.06,5.79
Seoul,2025-02-05,-9.44,-6.29,-12.25,0.17,4.39
Seoul,2025-02-06,-6.26,-1.03,-11.93,0.74,3.17
Seoul,2025-02-07,-8.93,-6.55,-12.19,1.83,6.48
Seoul,2025-02-08,-8.75,-3.93,-12.4,0.0,4.76
Seoul,2025-02-09,-6.33,-1.3,-10.37,0.0,3.02
Seoul,2025-02-10,-3.88,-0.18,-8.44,0.12,2.15
Seoul,2025-02-11,-0.86,3.9,-7.02,0.0,1.72
Seoul,2025-02-12,-0.61,1.86,-4.74,3.62,4.38
Seoul,2025-02-13,-1.71,3.3,-7.25,0.01,3.24
Seoul,2025-02-14,1.28,6.17,-1.46,0.0,2.0
Seoul,2025-02-15,1.39,5.13,-1.01,0.0,1.84
Seoul,2025-02-16,1.69,7.07,-2.52,0.0,3.93
Seoul,2025-02-17,-1.57,1.86,-3.73,0.0,5.44
Seoul,2025-02-18,-2.76,1.03,-5.19,0.0,5.51
Seoul,2025-02-19,-4.25,0.14,-7.97,0.0,4.49
Seoul,2025-02-20,-4.07,0.65,-8.27,0.0,4.17
Seoul,2025-02-21,-3.99,0.61,-8.78,0.0,4.1
Seoul,2025-02-22,-3.54,0.13,-7.33,0.02,4.15
Seoul,2025-02-23,-4.65,-1.02,-8.1,0.0,5.01
Seoul,2025-02-24,-2.86,2.36,-8.52,0.0,3.68
Seoul,2025-02-25,0.31,3.63,-3.8,0.0,3.71
Seoul,2025-02-26,0.6,5.28,-3.08,0.0,2.67
Seoul,2025-02-27,3.19,9.11,-2.49,0.0,2.16
Seoul,2025-02-28,4.2,8.22,0.41,0.03,1.47
Seoul,2025-03-01,5.21,11.68,1.31,0.33,1.56
Seoul,2025-03-02,4.81,10.43,0.21,17.08,5.32
Seoul,2025-03-03,0.46,3.53,-1.93,4.94,7.3
Seoul,2025-03-04,0.0,2.14,-1.81,3.95,5.2
Seoul,2025-03-05,1.85,5.8,-1.94,0.85,2.7
Seoul,2025-03-06,1.41,6.83,-2.7,0.0,2.23
Seoul,2025-03-07,2.72,7.28,-1.78,0.0,1.5
Seoul,2025-03-08,3.01,7.55,0.27,0.0,1.93
Seoul,2025-03-09,4.39,10.41,-0.29,0.0,1.13
Seoul,2025-03-10,4.7,10.77,0.0,0.0,2.09
Seoul,2025-03-11,6.1,12.24,1.47,0.0,1.3
Seoul,2025-03-12,5.46,10.82,1.15,0.1,2.53
Seoul,2025-03-13,5.38,12.62,-0.44,0.0,2.65
Seoul,2025-03-14,7.37,14.72,0.94,0.0,3.04
Seoul,2025-03-15,7.38,12.83,2.41,0.32,2.98
Seoul,2025-03-16,3.08,5.21,0.07,2.12,5.87
Seoul,2025-03-17,1.15,5.22,-3.35,2.37,3.87
Seoul,2025-03-18,1.13,3.64,-0.73,2.91,3.88
Seoul,2025-03-19,0.93,5.14,-2.61,0.0,2.41
Seoul,2025-03-20,4.75,11.58,-1.25,0.02,3.97
Seoul,2025-03-21,6.71,12.91,3.7,0.12,3.91
Seoul,2025-03-22,7.71,14.89,3.11,0.08,3.86
Seoul,2025-03-23,9.67,18.78,3.01,0.03,2.84
Seoul,2025-03-24,9.43,15.07,5.37,0.06,3.85
Seoul,2025-03-25,8.01,16.61,3.6,0.01,4.54
Seoul,2025-03-26,10.44,19.07,3.09,0.0,2.82
Seoul,2025-03-27,10.0,16.48,4.47,2.19,4.47
Seoul,2025-03-28,4.38,10.42,-1.1,0.67,5.33
Seoul,2025-03-29,1.45,5.7,-2.19,0.78,4.65
Seoul,2025-03-30,2.14,6.54,-2.74,0.02,2.9
Seoul,2025-03-31,5.79,11.24,1.25,0.0,1.99
Seoul,2025-04-01,7.25,13.67,3.46,0.17,2.3
Seoul,2025-04-02,5.75,13.14,0.65,1.57,2.34
Seoul,2025-04-03,7.53,13.21,2.5,0.34,1.73
Seoul,2025-04-04,7.69,13.03,2.87,0.69,1.93
Seoul,2025-04-05,6.83,9.11,4.92,13.15,2.48
Seoul,2025-04-06,7.81,12.89,4.58,0.73,3.92
Seoul,2025-04-07,9.91,16.6,4.58,0.02,3.94
Seoul,2025-04-08,10.3,15.18,6.61,0.02,2.89
Seoul,2025-04-09,8.43,13.46,4.11,0.51,2.28
Seoul,2025-04-10,10.42,16.23,5.71,0.17,1.95
Seoul,2025-04-11,12.26,19.49,5.2,0.0,1.56
Seoul,2025-04-12,9.83,17.66,1.36,20.77,5.04
Seoul,2025-04-13,4.52,6.97,1.34,3.13,6.1
Seoul,2025-04-14,4.16,5.94,1.15,8.57,4.0
Seoul,2025-04-15,6.41,12.15,-0.04,0.06,3.53
Seoul,2025-04-16,11.07,18.17,4.3,0.02,3.67
Seoul,2025-04-17,15.55,20.55,11.48,0.07,4.2
Seoul,2025-04-18,13.73,19.76,10.61,0.11,1.98
Seoul,2025-04-19,12.19,14.99,8.93,11.31,3.7
Seoul,2025-04-20,14.39,21.08,8.15,1.05,1.54
Seoul,2025-04-21,15.81,22.03,9.14,0.33,2.84
Seoul,2025-04-22,14.96,17.83,11.24,23.11,2.01
Seoul,2025-04-23,13.54,20.65,7.5,0.16,2.47
Seoul,2025-04-24,11.56,17.43,7.3,0.05,3.74
Seoul,2025-04-25,9.95,15.58,4.05,0.0,4.43
Seoul,2025-04-26,10.67,16.51,5.16,0.01,3.86
Seoul,2025-04-27,11.17,17.0,7.36,0.01,4.15
Seoul,2025-04-28,11.7,17.59,6.95,0.0,3.0
Seoul,2025-04-29,11.23,17.36,5.03,0.0,2.46
Seoul,2025-04-30,13.73,20.9,7.23,0.0,3.96
Seoul,2025-05-01,12.12,18.0,8.53,26.35,5.06
Seoul,2025-05-02,11.51,17.14,6.89,0.61,4.17
Seoul,2025-05-03,10.23,13.12,8.35,11.32,3.1
Seoul,2025-05-04,11.74,17.24,7.2,0.02,4.32
Seoul,2025-05-05,10.96,15.03,6.86,0.94,2.19
Seoul,2025-05-06,11.39,15.63,6.7,0.01,2.34
Seoul,2025-05-07,12.43,17.5,8.11,0.01,1.99
Seoul,2025-05-08,14.83,20.63,7.48,0.01,1.78
Seoul,2025-05-09,14.25,15.75,11.93,22.85,4.86
Seoul,2025-05-10,12.1,14.43,9.74,2.86,5.22
Seoul,2025-05-11,12.89,17.35,8.43,0.22,2.27
Seoul,2025-05-12,14.24,19.94,8.12,0.1,3.08
Seoul,2025-05-13,15.33,20.8,10.26,0.01,3.83
Seoul,2025-05-14,16.55,22.61,9.97,0.06,3.31
Seoul,2025-05-15,16.56,21.09,14.12,4.83,2.69
Seoul,2025-05-16,17.2,20.34,14.4,9.85,2.04
Seoul,2025-05-17,15.9,21.13,11.51,8.62,4.03
Seoul,2025-05-18,13.59,19.04,8.89,0.21,2.55
Seoul,2025-05-19,15.35,19.7,9.13,0.92,4.43
Seoul,2025-05-20,19.52,24.34,14.8,1.47,3.78
Seoul,2025-05-21,21.61,26.21,17.4,0.9,1.59
Seoul,2025-05-22,19.41,24.86,15.09,0.81,2.98
Seoul,2025-05-23,15.82,19.71,13.15,4.99,3.7
Seoul,2025-05-24,14.63,18.87,10.85,2.63,3.71
Seoul,2025-05-25,15.01,19.63,10.26,0.15,1.79
Seoul,2025-05-26,16.18,22.34,10.36,0.05,1.56
Seoul,2025-05-27,17.17,23.47,11.19,0.48,1.72
Seoul,2025-05-28,18.38,23.37,12.49,1.32,1.29
Seoul,2025-05-29,18.52,23.28,13.18,1.01,1.68
Seoul,2025-05-30,19.26,24.88,12.88,0.42,1.46
Seoul,2025-05-31,17.79,23.23,11.76,0.0,1.79
Seoul,2025-06-01,19.14,24.46,13.88,0.0,1.39
Seoul,2025-06-02,19.01,23.42,16.02,0.38,1.24
Seoul,2025-06-03,17.73,21.98,13.18,0.22,3.56
Seoul,2025-06-04,17.6,22.23,12.66,0.19,4.4
Seoul,2025-06-05,17.84,23.17,12.53,0.11,2.73
Seoul,2025-06-06,19.25,24.5,14.6,0.01,3.9
Seoul,2025-06-07,19.73,24.04,14.98,0.5,3.0
Seoul,2025-06-08,21.19,25.52,17.48,0.17,1.49
Seoul,2025-06-09,20.42,24.53,17.37,0.09,2.17
Seoul,2025-06-10,19.34,23.54,15.24,0.26,3.47
Seoul,2025-06-11,19.43,24.59,14.29,0.07,2.6
Seoul,2025-06-12,21.7,28.13,14.88,0.0,1.22
Seoul,2025-06-13,20.63,23.87,16.74,1.83,1.86
Seoul,2025-06-14,23.09,28.93,18.81,2.36,1.99
Seoul,2025-06-15,22.52,28.06,17.97,13.62,2.75
Seoul,2025-06-16,22.28,26.21,19.29,12.2,4.05
Seoul,2025-06-17,21.85,25.66,18.56,1.05,2.26
Seoul,2025-06-18,22.49,26.35,18.08,0.03,1.45
Seoul,2025-06-19,24.3,29.57,18.56,1.04,2.46
Seoul,2025-06-20,22.53,24.67,20.27,69.8,7.37
Seoul,2025-06-21,20.71,23.08,18.01,8.74,2.37
Seoul,2025-06-22,20.92,25.4,17.01,0.51,2.37
Seoul,2025-06-23,23.4,29.41,17.37,0.17,1.2
Seoul,2025-06-24,22.9,27.59,19.78,9.88,2.68
Seoul,2025-06-25,22.02,26.09,18.73,12.02,2.13
Seoul,2025-06-26,22.0,25.3,19.15,1.01,1.88
Seoul,2025-06-27,23.26,27.33,19.08,5.75,1.04
Seoul,2025-06-28,24.02,27.52,20.94,5.06,2.07
Seoul,2025-06-29,24.74,28.21,21.88,0.35,2.34
Seoul,2025-06-30,24.83,28.39,21.21,0.58,2.63
Seoul,2025-07-01,25.66,28.91,22.5,2.37,3.1
Seoul,2025-07-02,25.54,28.82,22.7,1.3,2.97
Seoul,2025-07-03,25.47,29.12,22.31,0.62,2.95
Seoul,2025-07-04,25.01,28.0,22.19,2.49,3.92
Seoul,2025-07-05,25.74,29.14,22.88,0.52,3.25
Seoul,2025-07-06,26.11,29.86,22.41,0.32,2.66
Seoul,2025-07-07,26.96,30.74,23.77,0.56,1.85
Seoul,2025-07-08,28.96,34.17,24.11,4.81,1.69
Seoul,2025-07-09,27.79,32.44,23.42,0.92,2.86
Seoul,2025-07-10,26.63,31.89,21.78,0.01,3.26
Seoul,2025-07-11,25.72,31.33,20.42,0.0,3.65
Seoul,2025-07-12,26.28,32.13,19.55,0.0,1.7
Seoul,2025-07-13,24.46,28.38,21.32,3.22,1.94
Seoul,2025-07-14,23.92,26.99,20.33,10.07,2.47
Seoul,2025-07-15,22.38,23.79,20.43,14.1,2.89
Seoul,2025-07-16,23.02,24.54,22.11,61.22,4.8
Seoul,2025-07-17,24.64,27.13,22.1,56.25,3.94
Seoul,2025-07-18,24.56,27.39,22.23,12.71,2.6
Seoul,2025-07-19,25.42,27.84,23.77,28.73,4.97
Seoul,2025-07-20,26.15,29.19,23.26,9.73,3.27
Seoul,2025-07-21,26.09,29.39,23.05,0.76,2.61
Seoul,2025-07-22,25.34,27.49,23.55,5.63,1.83
Seoul,2025-07-23,26.31,29.12,23.04,0.27,1.07
Seoul,2025-07-24,27.54,31.33,24.0,0.01,1.06
Seoul,2025-07-25,29.08,33.86,23.78,0.0,1.15
Seoul,2025-07-26,29.07,33.38,23.65,0.06,1.53
Seoul,2025-07-27,29.18,33.57,24.34,0.09,1.59
Seoul,2025-07-28,29.0,32.36,25.04,0.07,1.32
Seoul,2025-07-29,29.28,33.15,24.99,1.07,1.12
Seoul,2025-07-30,28.57,32.53,24.37,0.59,1.54
Seoul,2025-07-31,27.95,32.07,24.27,0.02,1.61
Seoul,2025-08-01,27.7,30.21,24.71,0.02,1.52
Seoul,2025-08-02,28.56,31.56,25.36,0.16,1.02
Seoul,2025-08-03,27.88,30.71,25.24,10.75,1.72
Seoul,2025-08-04,27.3,30.65,24.62,2.45,2.4
Seoul,2025-08-05,26.49,29.56,23.38,0.24,2.1
Seoul,2025-08-06,26.74,28.67,23.6,20.48,4.2
Seoul,2025-08-07,25.83,29.4,22.55,0.63,2.57
Seoul,2025-08-08,25.41,28.78,21.84,0.84,1.45
Seoul,2025-08-09,25.07,28.08,22.34,2.19,1.62
Seoul,2025-08-10,25.6,29.89,20.78,0.0,1.62
Seoul,2025-08-11,25.04,28.21,21.98,0.33,2.01
Seoul,2025-08-12,26.07,30.47,22.34,0.37,1.74
Seoul,2025-08-13,25.49,27.58,23.21,50.44,4.91
Seoul,2025-08-14,25.62,26.73,24.27,27.78,3.45
Seoul,2025-08-15,26.04,28.36,24.27,10.14,1.38
Seoul,2025-08-16,25.88,28.54,23.3,0.48,2.16
Seoul,2025-08-17,26.07,28.62,23.34,0.55,2.2
Seoul,2025-08-18,26.47,29.44,23.59,4.62,3.44
Seoul,2025-08-19,26.83,29.33,24.87,4.94,3.19
Seoul,2025-08-20,27.05,29.95,24.76,2.24,2.54
Seoul,2025-08-21,27.24,30.73,23.68,0.53,1.63
Seoul,2025-08-22,26.77,30.3,23.43,0.08,2.02
Seoul,2025-08-23,27.36,30.44,23.85,0.14,1.76
Seoul,2025-08-24,27.96,31.34,24.49,0.17,1.54
Seoul,2025-08-25,27.52,30.58,24.48,14.76,3.35
Seoul,2025-08-26,26.8,29.3,22.58,12.62,3.42
Seoul,2025-08-27,25.76,29.57,21.48,0.04,0.92
Seoul,2025-08-28,26.03,29.63,21.93,1.28,3.1
Seoul,2025-08-29,27.51,30.01,25.54,7.65,4.54
Seoul,2025-08-30,27.55,29.48,25.63,8.54,1.82
Seoul,2025-08-31,26.76,29.87,24.01,11.96,2.87
Seoul,2025-09-01,25.52,27.66,22.69,19.58,3.53
Seoul,2025-09-02,25.01,28.73,20.88,0.59,1.56
Seoul,2025-09-03,26.82,30.09,22.85,1.04,1.34
Seoul,2025-09-04,24.35,28.41,21.84,33.05,3.03
Seoul,2025-09-05,26.09,30.0,21.81,0.42,2.07
Seoul,2025-09-06,26.77,29.14,24.29,20.29,4.49
Seoul,2025-09-07,24.3,26.31,22.16,0.99,2.36
Seoul,2025-09-08,24.59,28.14,22.44,0.2,1.04
Seoul,2025-09-09,23.12,26.44,19.67,0.09,1.31
Seoul,2025-09-10,22.62,28.14,17.21,0.01,2.41
Seoul,2025-09-11,22.86,29.22,16.65,0.0,2.86
Seoul,2025-09-12,21.83,25.34,19.24,14.56,3.32
Seoul,2025-09-13,23.11,26.48,20.17,28.66,4.06
Seoul,2025-09-14,23.06,27.36,19.11,0.25,1.43
Seoul,2025-09-15,24.38,27.77,20.12,0.0,0.88
Seoul,2025-09-16,23.94,26.38,21.35,33.07,2.31
Seoul,2025-09-17,23.43,26.25,18.99,35.25,2.36
Seoul,2025-09-18,20.74,24.66,17.94,0.9,3.41
Seoul,2025-09-19,19.18,21.39,17.4,31.83,3.72
Seoul,2025-09-20,19.22,21.8,17.1,31.7,3.51
Seoul,2025-09-21,19.63,24.57,15.75,0.4,2.98
Seoul,2025-09-22,19.36,24.02,15.39,0.0,2.97
Seoul,2025-09-23,19.33,23.91,15.82,0.02,3.25
Seoul,2025-09-24,20.46,24.18,17.09,21.39,3.21
Seoul,2025-09-25,21.58,25.28,18.44,3.13,1.72
Seoul,2025-09-26,20.19,25.03,15.67,0.04,1.73
Seoul,2025-09-27,20.98,25.49,15.89,0.01,2.41
Seoul,2025-09-28,20.12,22.92,17.35,39.13,3.18
Seoul,2025-09-29,19.75,23.06,16.27,0.0,1.46
Seoul,2025-09-30,19.94,22.77,17.83,0.02,0.97
Seoul,2025-10-01,20.43,23.21,17.82,1.22,1.4
Seoul,2025-10-02,20.62,23.65,17.76,0.32,1.09
Seoul,2025-10-03,19.78,22.74,17.17,13.77,3.68
Seoul,2025-10-04,21.16,24.7,18.39,1.51,2.13
Seoul,2025-10-05,20.77,23.6,18.68,5.97,1.47
Seoul,2025-10-06,18.44,20.58,15.82,37.77,5.37
Seoul,2025-10-07,19.04,22.36,16.02,10.23,4.49
Seoul,2025-10-08,19.54,24.38,15.76,0.09,2.72
Seoul,2025-10-09,18.8,22.9,15.99,2.92,3.81
Seoul,2025-10-10,18.24,20.81,15.58,34.53,3.33
Seoul,2025-10-11,20.71,23.44,18.12,12.87,3.96
Seoul,2025-10-12,19.46,23.13,16.71,1.56,2.97
Seoul,2025-10-13,16.84,19.43,14.04,28.52,4.42
Seoul,2025-10-14,17.23,20.84,14.23,2.82,4.08
Seoul,2025-10-15,18.6,23.32,14.38,17.89,3.27
Seoul,2025-10-16,18.47,22.51,15.17,9.49,3.77
Seoul,2025-10-17,18.51,22.79,13.89,20.28,2.34
Seoul,2025-10-18,16.1,18.59,12.82,11.51,3.35
Seoul,2025-10-19,13.12,17.78,6.98,3.03,4.0
Seoul,2025-10-20,9.15,14.08,5.19,3.53,4.04
Seoul,2025-10-21,9.41,14.14,6.13,0.17,2.8
Seoul,2025-10-22,12.74,17.29,7.29,3.74,2.3
Seoul,2025-10-23,14.22,17.82,10.99,3.17,2.55
Seoul,2025-10-24,14.02,18.04,9.27,5.21,2.55
Seoul,2025-10-25,13.31,16.38,10.64,0.01,2.49
Seoul,2025-10-26,11.15,13.36,6.86,3.94,2.38
Seoul,2025-10-27,6.3,10.41,2.58,0.05,4.41
Seoul,2025-10-28,7.37,11.44,2.23,0.02,1.87
Seoul,2025-10-29,10.37,14.89,5.25,0.43,2.14
Seoul,2025-10-30,11.6,15.55,6.34,0.0,1.62
Seoul,2025-10-31,13.03,18.35,8.96,2.68,1.95
Seoul,2025-11-01,11.24,14.96,8.36,1.13,3.56
Seoul,2025-11-02,6.78,9.66,1.25,0.28,5.4
Seoul,2025-11-03,5.96,11.19,-0.15,0.0,1.46
Seoul,2025-11-04,9.47,13.82,6.54,0.0,1.67
Seoul,2025-11-05,9.96,15.7,5.18,0.01,1.94
Seoul,2025-11-06,11.04,16.19,6.29,0.0,2.18
Seoul,2025-11-07,12.06,17.52,7.53,0.51,2.47
Seoul,2025-11-08,12.94,16.64,9.85,1.38,2.71
Seoul,2025-11-09,11.21,15.11,7.03,0.27,3.17
Seoul,2025-11-10,5.91,9.47,2.78,0.0,4.19
Seoul,2025-11-11,8.35,12.9,3.56,0.0,1.67
Seoul,2025-11-12,9.24,14.15,5.22,0.0,1.53
Seoul,2025-11-13,9.57,15.04,3.79,0.0,2.64
Seoul,2025-11-14,6.58,12.11,2.54,0.0,2.47
Seoul,2025-11-15,9.29,14.42,4.74,0.0,1.1
Seoul,2025-11-16,9.65,15.34,4.17,0.23,3.93
Seoul,2025-11-17,1.96,5.03,-1.35,0.0,5.94
Seoul,2025-11-18,0.48,4.18,-2.33,0.05,3.48
Seoul,2025-11-19,2.24,5.82,-1.29,0.0,1.66
Seoul,2025-11-20,6.28,12.43,1.49,0.01,3.85
Seoul,2025-11-21,5.34,10.12,0.36,0.0,3.0
Seoul,2025-11-22,8.0,12.72,5.1,0.0,2.07
Seoul,2025-11-23,9.7,12.6,6.18,0.01,3.03
Seoul,2025-11-24,9.74,14.41,7.35,0.15,3.0
Seoul,2025-11-25,6.56,8.4,3.48,6.73,4.5
Seoul,2025-11-26,5.52,9.28,2.8,0.06,1.53
Seoul,2025-11-27,5.11,8.35,0.77,11.08,5.53
Seoul,2025-11-28,1.31,4.9,-2.8,0.0,2.57
Seoul,2025-11-29,5.13,10.13,-0.51,0.07,3.59
Seoul,2025-11-30,10.02,13.57,7.17,0.43,3.21
Seoul,2025-12-01,3.02,7.06,0.09,0.0,3.81
Seoul,2025-12-02,-1.6,1.17,-4.9,0.02,5.39
Seoul,2025-12-03,-6.15,-4.28,-8.15,0.66,5.29
Seoul,2025-12-04,-3.89,2.64,-9.87,1.69,3.25
Seoul,2025-12-05,-2.82,0.42,-7.04,0.0,2.78
Seoul,2025-12-06,3.2,6.91,-1.24,0.6,3.74
Seoul,2025-12-07,5.24,10.57,0.83,0.02,2.63
Seoul,2025-12-08,0.75,4.79,-1.75,0.0,3.43
Seoul,2025-12-09,2.51,6.57,-1.39,0.0,1.83
Seoul,2025-12-10,4.41,9.36,0.0,0.07,2.75
Seoul,2025-12-11,2.32,6.39,-3.32,12.52,4.84
Seoul,2025-12-12,1.2,5.16,-2.75,0.68,2.7
Seoul,2025-12-13,0.91,3.61,-2.15,7.44,2.67
Seoul,2025-12-14,-1.07,2.13,-2.79,0.29,4.09
Seoul,2025-12-15,1.4,5.18,-2.06,0.03,1.66
Seoul,2025-12-16,5.18,8.04,2.65,0.45,1.85
Seoul,2025-12-17,1.59,5.09,-1.61,0.13,3.14
Seoul,2025-12-18,1.24,5.45,-2.12,0.0,1.25
Seoul,2025-12-19,3.34,8.3,-0.99,0.02,2.77
Seoul,2025-12-20,5.29,9.88,-0.86,0.87,3.92
Seoul,2025-12-21,-2.35,0.43,-4.11,0.0,4.99
Seoul,2025-12-22,-1.49,1.94,-5.33,0.0,1.61
Seoul,2025-12-23,0.97,4.24,-1.83,12.5,2.04
Seoul,2025-12-24,0.08,3.34,-2.96,0.38,3.23
Seoul,2025-12-25,-4.78,-0.91,-10.73,0.01,7.39
Seoul,2025-12-26,-9.08,-5.46,-12.37,0.0,4.63
Seoul,2025-12-27,-2.67,1.35,-8.84,0.21,1.55
Seoul,2025-12-28,2.15,5.72,-1.44,0.4,2.39
Seoul,2025-12-29,2.59,7.15,-2.28,1.32,3.36
Seoul,2025-12-30,-2.14,0.9,-4.76,0.0,3.62
Seoul,2025-12-31,-7.11,-4.11,-9.68,0.0,5.19
Seoul,2026-01-01,-8.82,-5.0,-11.59,0.0,5.11
Seoul,2026-01-02,-9.25,-5.11,-12.84,0.0,4.13
Seoul,2026-01-03,-4.84,0.05,-10.54,0.02,1.6
Seoul,2026-01-04,-0.82,1.78,-3.55,0.0,2.69
Seoul,2026-01-05,-3.33,0.15,-7.23,0.0,4.51
Seoul,2026-01-06,-2.32,2.63,-8.17,0.0,2.23
Seoul,2026-01-07,-1.67,1.17,-6.94,0.0,5.44
Seoul,2026-01-08,-6.36,-3.29,-10.16,0.0,3.63
Seoul,2026-01-09,0.45,4.37,-4.54,0.3,3.89
Seoul,2026-01-10,0.64,4.61,-6.09,2.43,8.79
Seoul,2026-01-11,-7.93,-5.18,-10.44,0.08,5.5
Seoul,2026-01-12,-3.03,1.69,-9.41,1.8,3.23
Seoul,2026-01-13,-4.84,1.31,-9.43,0.05,5.55
Seoul,2026-01-14,-4.67,-0.18,-10.05,0.01,2.16
Seoul,2026-01-15,2.33,4.71,-0.94,0.34,2.57
Seoul,2026-01-16,1.13,6.05,-2.19,0.04,1.69
Seoul,2026-01-17,-2.92,0.76,-5.72,0.0,3.7
Seoul,2026-01-18,-1.43,3.3,-6.22,0.8,2.78
Seoul,2026-01-19,-6.31,-2.3,-12.67,0.5,6.93
Seoul,2026-01-20,-10.3,-5.7,-13.1,0.0,4.86
Seoul,2026-01-21,-10.85,-6.51,-14.03,0.0,6.04
Seoul,2026-01-22,-10.44,-5.63,-15.14,0.0,4.9
Seoul,2026-01-23,-6.4,-1.46,-12.23,0.58,2.09
Seoul,2026-01-24,-6.87,-2.79,-10.75,0.0,4.48
Seoul,2026-01-25,-8.02,-3.71,-12.08,0.0,3.63
Seoul,2026-01-26,-5.88,-2.68,-9.04,0.0,1.69
Seoul,2026-01-27,-6.17,-2.05,-9.08,0.0,4.87
Seoul,2026-01-28,-7.37,-2.61,-11.54,0.0,4.09
Seoul,2026-01-29,-6.78,-1.96,-10.29,0.0,4.4
Seoul,2026-01-30,-8.4,-4.05,-11.78,0.0,4.04
Seoul,2026-01-31,-6.12,-1.48,-11.18,0.01,2.89
Seoul,2026-02-01,-4.0,-0.11,-9.19,0.36,2.74
Seoul,2026-02-02,-3.13,-0.44,-7.17,1.24,3.87
Seoul,2026-02-03,-2.67,2.32,-7.85,0.0,1.83
Seoul,2026-02-04,0.06,4.23,-3.69,0.0,2.07
Seoul,2026-02-05,0.39,7.09,-6.15,0.03,4.21
Seoul,2026-02-06,-8.01,-4.67,-10.5,0.0,6.65
Seoul,2026-02-07,-9.35,-5.44,-12.54,0.0,6.23
Seoul,2026-02-08,-9.71,-4.92,-14.01,0.0,5.36
Seoul,2026-02-09,-3.85,1.39,-9.75,0.0,1.65
Seoul,2026-02-10,-0.28,3.42,-3.0,0.46,2.23
Seoul,2026-02-11,0.66,4.3,-2.65,0.01,2.37
Seoul,2026-02-12,0.48,5.73,-3.01,0.0,2.07
Seoul,2026-02-13,1.9,7.31,-0.55,0.03,2.95
Seoul,2026-02-14,4.11,9.09,0.58,0.03,1.96
Seoul,2026-02-15,1.95,7.39,-3.23,0.05,3.55
Seoul,2026-02-16,0.01,5.57,-3.48,1.67,3.16
Seoul,2026-02-17,-0.48,4.07,-3.8,0.0,2.59
Seoul,2026-02-18,0.53,4.56,-3.16,0.0,3.71
Seoul,2026-02-19,-0.18,4.52,-3.61,0.0,1.79
Seoul,2026-02-20,2.62,9.15,-1.92,0.0,3.75
Seoul,2026-02-21,6.03,12.5,0.19,0.0,5.56
Seoul,2026-02-22,4.04,8.26,-2.39,0.01,6.2
Seoul,2026-02-23,-0.23,3.18,-2.53,0.0,3.48
Seoul,2026-02-24,0.68,4.61,-1.17,1.11,2.1
Seoul,2026-02-25,3.45,11.12,-1.3,0.0,2.73
Seoul,2026-02-26,3.78,8.57,-0.88,0.01,2.09
Seoul,2026-02-27,4.95,11.36,0.14,0.04,2.68
Seoul,2026-02-28,5.26,12.81,-0.65,0.0,2.18
Seoul,2026-03-01,4.97,9.56,1.82,0.31,3.51
Seoul,2026-03-02,2.98,4.68,1.56,17.43,5.63
Seoul,2026-03-03,3.5,8.68,-0.72,0.98,4.48
Seoul,2026-03-04,2.74,8.78,-1.39,0.02,2.31
Seoul,2026-03-05,3.39,9.86,-1.52,8.19,2.39
Seoul,2026-03-06,0.5,3.41,-2.49,1.03,4.35
Seoul,2026-03-07,-1.04,3.62,-4.15,0.0,4.43
Seoul,2026-03-08,0.43,4.91,-3.48,0.0,1.93
Seoul,2026-03-09,1.61,5.3,-1.98,0.02,3.36
Seoul,2026-03-10,1.93,6.72,-2.09,0.0,1.69
Seoul,2026-03-11,3.36,8.56,-0.4,0.0,1.54
Seoul,2026-03-12,3.63,9.86,-1.49,0.54,2.58
Seoul,2026-03-13,4.13,9.76,-0.84,0.24,2.61
Seoul,2026-03-14,3.86,9.63,-0.77,0.0,2.4
Seoul,2026-03-15,4.09,8.87,-0.05,0.17,1.86
Seoul,2026-03-16,4.06,9.91,-0.84,0.0,1.4
Seoul,2026-03-17,6.21,12.28,1.15,0.0,1.32
Seoul,2026-03-18,4.71,7.93,1.18,4.04,2.75
Seoul,2026-03-19,2.98,9.32,-2.98,0.0,3.46
Seoul,2026-03-20,5.07,10.85,0.07,0.0,2.7
Seoul,2026-03-21,5.17,11.49,-0.89,0.0,1.76
Seoul,2026-03-22,6.62,14.41,1.95,0.0,1.89
Seoul,2026-03-23,8.16,16.3,0.84,0.0,2.5
Seoul,2026-03-24,8.4,13.41,3.35,0.0,2.52
Seoul,2026-03-25,9.36,15.1,5.3,0.0,1.79
Seoul,2026-03-26,7.54,14.36,3.55,0.01,1.65
Seoul,2026-03-27,7.53,13.0,4.47,0.02,2.22
Seoul,2026-03-28,8.16,16.22,2.78,0.01,1.22
Seoul,2026-03-29,10.25,17.17,3.68,0.0,2.05
Seoul,2026-03-30,11.82,16.77,8.11,5.48,1.11
Seoul,2026-03-31,11.34,16.2,7.37,5.32,2.52
Seoul,2026-04-01,9.04,12.8,5.47,0.41,1.0
Seoul,2026-04-02,8.34,14.57,3.74,0.07,1.56
Seoul,2026-04-03,10.88,18.16,4.38,0.0,1.42
Seoul,2026-04-04,11.03,16.49,5.68,0.2,1.83
Seoul,2026-04-05,9.2,14.96,4.48,0.22,1.4
Seoul,2026-04-06,8.17,12.01,2.97,0.05,1.71
Seoul,2026-04-07,6.45,12.07,0.98,0.0,2.45
Seoul,2026-04-08,8.29,13.92,2.63,0.0,1.2
Seoul,2026-04-09,8.38,10.12,5.35,44.39,1.98
Seoul,2026-04-10,9.07,11.46,5.9,3.72,2.67
Seoul,2026-04-11,9.54,14.73,5.92,0.25,1.57
Seoul,2026-04-12,11.59,19.72,3.35,0.0,1.04
Seoul,2026-04-13,15.48,24.14,7.13,0.0,0.71
Seoul,2026-04-14,16.4,24.25,9.11,0.0,0.93
Seoul,2026-04-15,15.85,22.72,9.39,0.0,1.17
Seoul,2026-04-16,15.98,24.08,7.58,0.0,1.47
Seoul,2026-04-17,13.83,19.46,9.91,0.0,1.44
Seoul,2026-04-18,15.78,23.58,8.45,0.0,0.98
Seoul,2026-04-19,17.07,25.85,10.59,0.0,1.11
Seoul,2026-04-20,11.09,16.27,5.69,0.24,2.46
Seoul,2026-04-21,9.87,16.33,3.93,0.0,2.08
Seoul,2026-04-22,11.11,16.7,7.77,0.0,1.37
Seoul,2026-04-23,13.48,20.08,6.98,0.0,1.76
Seoul,2026-04-24,14.83,23.33,6.98,0.0,1.16
Seoul,2026-04-25,15.62,23.37,8.33,0.0,1.33
Seoul,2026-04-26,15.03,21.28,9.69,0.0,1.29
Seoul,2026-04-27,14.7,20.51,9.38,0.52,1.41
Seoul,2026-04-28,12.92,16.35,10.83,0.72,2.46
Seoul,2026-04-29,13.12,18.25,8.27,0.01,1.43
Seoul,2026-04-30,14.71,21.05,8.25,0.01,1.57
Seoul,2026-05-01,15.04,21.79,10.47,0.0,2.63
Seoul,2026-05-02,14.54,18.64,10.26,2.41,1.35
Seoul,2026-05-03,12.57,15.28,10.42,8.01,1.98
Seoul,2026-05-04,12.71,18.55,7.61,0.04,2.67
Seoul,2026-05-05,13.02,19.33,7.52,0.03,1.78
Seoul,2026-05-06,14.87,21.99,7.75,0.0,1.84
Seoul,2026-05-07,13.63,18.77,9.98,2.83,2.26
Seoul,2026-05-08,14.1,19.05,8.94,0.0,2.84
Seoul,2026-05-09,14.43,20.63,8.78,0.03,1.21
Seoul,2026-05-10,15.52,22.28,9.28,0.0,1.61
Seoul,2026-05-11,14.99,20.6,9.8,23.07,1.56
Seoul,2026-05-12,17.06,21.61,13.34,2.04,1.06
Seoul,2026-05-13,17.26,23.55,11.75,0.18,1.2
Seoul,2026-05-14,21.06,28.48,14.08,0.0,0.97
Seoul,2026-05-15,21.18,28.84,14.15,0.0,1.0
Seoul,2026-05-16,20.39,27.06,14.53,0.0,1.24
Seoul,2026-05-17,-999.0,-999.0,-999.0,-999.0,-999.0
Seoul,2026-05-18,-999.0,-999.0,-999.0,-999.0,-999.0
Seoul,2026-05-19,-999.0,-999.0,-999.0,-999.0,-999.0
